"Taxonomic Group","Species","Record Share","Clears Screen","Range Share","Sample","Discovery (>=20%)"
"Plants","Lonchocarpus subsessilifolius","100.00%","Yes","100.00%",6,"Yes"
"Plants","Cynometra hondurensis","100.00%","Yes","100.00%",5,"Yes"
"Plants","Amyris rhomboidea","100.00%","Yes","100.00%",3,"Yes"
"Insects","Discomorpha bisbiplagiata","100.00%","Yes","100.00%",3,"Yes"
"Plants","Zyzyura mayana","100.00%","Yes","100.00%",3,"Yes"
"Mollusks","Lucidella caldwelli","100.00%","Yes","100.00%",3,"Yes"
"Plants","Eugenia cayoana","100.00%","Yes","100.00%",8,"Yes"
"Insects","Gigantotrichoderes cummingi","100.00%","Yes","100.00%",3,"Yes"
"Plants","Axonopus ciliatifolius","100.00%","Yes","100.00%",7,"Yes"
"Insects","Eurycotis quadrisquamata","100.00%","Yes","100.00%",4,"Yes"
"Plants","Guettarda davidseorum","100.00%","Yes","100.00%",4,"Yes"
"Plants","Rhynchospora belizensis","100.00%","Yes","100.00%",3,"Yes"
"Plants","Ageratum ellipticum","100.00%","Yes","100.00%",3,"Yes"
"Insects","Ambrysus cayo","100.00%","Yes","100.00%",3,"Yes"
"Fungi","Sarcodon umbilicatus","100.00%","Yes","100.00%",3,"Yes"
"Plants","Koanophyllon sorensenii","100.00%","Yes","100.00%",3,"Yes"
"Insects","Leucania mopan","100.00%","Yes","100.00%",3,"Yes"
"Plants","Plinia peroblata","100.00%","Yes","100.00%",5,"Yes"
"Mollusks","Euglandina fosteri","100.00%","Yes","100.00%",3,"Yes"
"Plants","Anemia bartlettii","100.00%","Yes","100.00%",6,"Yes"
"Insects","Hurleyella belizensis","100.00%","Yes","100.00%",5,"Yes"
"Plants","Syngonanthus bartlettii","100.00%","Yes","99.99%",9,"Yes"
"Insects","Paratetrapedia bifrons","100.00%","Yes","99.99%",3,"Yes"
"Insects","Paracalynda utilaensis","100.00%","Yes","99.98%",5,"Yes"
"Plants","Zinowiewia pallida","100.00%","Yes","99.97%",12,"Yes"
"Plants","Myrcia cuneifolia","100.00%","Yes","99.96%",9,"Yes"
"Insects","Bidessonotus mobilis","100.00%","Yes","99.95%",11,"Yes"
"Insects","Diapetimorpha pedator","33.33%","Yes","99.94%",3,"Yes"
"Reptiles","Tantilla hendersoni","100.00%","Yes","99.93%",5,"Yes"
"Plants","Gymnopodium toledense","100.00%","Yes","99.89%",3,"Yes"
"Plants","Paepalanthus gentlei","100.00%","Yes","99.61%",6,"Yes"
"Insects","Hegemona lineata","100.00%","Yes","99.32%",4,"Yes"
"Plants","Zamia meermanii","100.00%","Yes","99.16%",8,"Yes"
"Plants","Hyptis maya","100.00%","Yes","99.00%",13,"Yes"
"Mollusks","Halotudora kuesteri","100.00%","Yes","98.88%",12,"Yes"
"Insects","Phanocles vosseleri","100.00%","Yes","98.68%",5,"Yes"
"Plants","Dalechampia schippii","99.15%","Yes","98.60%",92,"Yes"
"Plants","Louteridium chartaceum","100.00%","Yes","98.47%",13,"Yes"
"Plants","Myrcia bartlettii","97.92%","Yes","98.31%",40,"Yes"
"Plants","Alsobia baroniae","100.00%","Yes","98.30%",7,"Yes"
"Insects","Triatoma mopan","100.00%","Yes","98.30%",8,"Yes"
"Plants","Zamia decumbens","100.00%","Yes","97.93%",5,"Yes"
"Fungi","Aecidium sebastianiae","100.00%","Yes","95.94%",3,"Yes"
"Plants","Faramea belizensis","100.00%","Yes","95.17%",9,"Yes"
"Plants","Peperomia toledoana","100.00%","Yes","93.80%",4,"Yes"
"Insects","Chrysotus meridionalis","57.14%","Yes","92.32%",7,"Yes"
"Insects","Scaptotrigona ascheri","100.00%","Yes","91.66%",13,"Yes"
"Plants","Scutellaria lundellii","100.00%","Yes","89.92%",13,"Yes"
"Insects","Buchananius minutissimus","100.00%","Yes","89.01%",3,"Yes"
"Insects","Bidessonotus vicinus","73.91%","Yes","87.20%",20,"Yes"
"Plants","Piper belicense","100.00%","Yes","87.16%",9,"Yes"
"Plants","Piper gentlei","90.00%","Yes","86.65%",8,"Yes"
"Plants","Ageratum peckii","93.75%","Yes","85.93%",57,"Yes"
"Plants","Philodendron dwyeri","88.89%","Yes","84.84%",8,"Yes"
"Plants","Oyedaea lundellii","44.44%","Yes","83.49%",5,"Yes"
"Plants","Lonchocarpus velizii","75.00%","Yes","81.90%",10,"Yes"
"Insects","Rhyssomatus puncticollis","75.00%","Yes","81.17%",3,"Yes"
"Plants","Schippia concolor","84.85%","Yes","81.08%",53,"Yes"
"Insects","Panchlora zendala","71.43%","Yes","79.34%",4,"Yes"
"Plants","Eugenia izabalana","5.00%","Yes","74.79%",8,"Yes"
"Plants","Acalypha gentlei","80.00%","Yes","72.84%",36,"Yes"
"Fungi","Puccinia ciliata","50.00%","Yes","71.39%",6,"Yes"
"Mollusks","Trichodiscina hinkleyi","41.67%","Yes","70.46%",11,"Yes"
"Insects","Aedes bertrami","40.00%","Yes","68.65%",5,"Yes"
"Plants","Acmella lundellii","86.96%","Yes","67.98%",20,"Yes"
"Plants","Comocladia mayana","87.50%","Yes","66.61%",8,"Yes"
"Plants","Purdiaea belizensis","80.65%","Yes","62.87%",38,"Yes"
"Mollusks","Caecum crispum","9.09%","Yes","60.42%",10,"Yes"
"Plants","Piper cocquericotense","91.67%","Yes","59.65%",7,"Yes"
"Insects","Heterogamus donstonei","7.04%","Yes","57.54%",17,"Yes"
"Plants","Eugenia vacana","90.32%","Yes","57.26%",33,"Yes"
"Plants","Merostachys pauciflora","22.73%","Yes","55.57%",14,"Yes"
"Plants","Eugenia flavoviridis","46.24%","Yes","55.55%",31,"Yes"
"Insects","Conotrachelus diaconitus","95.83%","Yes","53.78%",6,"Yes"
"Mollusks","Rectaxis alvaradoi","83.33%","Yes","53.49%",6,"Yes"
"Plants","Eriocaulon schippii","11.43%","Yes","52.92%",27,"Yes"
"Insects","Saurita myrrha","12.50%","Yes","52.42%",3,"Yes"
"Insects","Ladoffa cavillator","57.14%","Yes","51.49%",7,"Yes"
"Insects","Syscia parva","26.67%","Yes","50.43%",7,"Yes"
"Plants","Justicia albobracteata","75.00%","Yes","49.62%",8,"Yes"
"Plants","Syrrhopodon autotomaius","71.43%","Yes","47.67%",20,"Yes"
"Mollusks","Diacavolinia vanutrechti","44.83%","Yes","47.14%",22,"Yes"
"Insects","Acaromimus sharpi","35.71%","Yes","46.48%",10,"Yes"
"Plants","Myrcia petenensis","62.50%","Yes","45.85%",5,"Yes"
"Insects","Paratrigona lundelli","50.00%","Yes","45.66%",3,"Yes"
"Plants","Coccoloba lundellii","81.82%","Yes","44.05%",7,"Yes"
"Insects","Rugitermes unicolor","20.00%","Yes","44.01%",8,"Yes"
"Plants","Ocotea eucuneata","80.00%","Yes","44.00%",4,"Yes"
"Plants","Piper kantetulense","82.35%","Yes","43.33%",42,"Yes"
"Insects","Chromoteleia semilutea","75.00%","Yes","42.97%",4,"Yes"
"Plants","Eugenia toledinensis","3.12%","Yes","41.66%",12,"Yes"
"Plants","Sloanea schippii","67.21%","Yes","40.97%",37,"Yes"
"Plants","Passiflora lancetillensis","71.43%","Yes","40.76%",20,"Yes"
"Plants","Piper viae-marginis","77.78%","Yes","39.91%",39,"Yes"
"Fungi","Daedalea neotropica","80.00%","Yes","39.37%",4,"Yes"
"Plants","Bonellia paludicola","31.03%","Yes","38.83%",24,"Yes"
"Insects","Euphoria leprosa","50.00%","Yes","38.80%",9,"Yes"
"Plants","Eriocaulon kinlochii","70.00%","Yes","38.63%",7,"Yes"
"Fungi","Lindra crassa","61.11%","Yes","38.37%",5,"Yes"
"Insects","Mayacephalus dickmanorum","18.18%","Yes","36.73%",10,"Yes"
"Plants","Hampea ovatifolia","7.14%","Yes","36.42%",6,"Yes"
"Plants","Acalypha lancetillae","26.09%","Yes","35.36%",14,"Yes"
"Plants","Piper mayanum","41.67%","Yes","35.34%",9,"Yes"
"Plants","Pluchea yucatanensis","47.06%","Yes","34.70%",16,"Yes"
"Mollusks","Pachychilus obeliscus","8.70%","Yes","34.21%",14,"Yes"
"Plants","Passiflora urbaniana","93.71%","Yes","34.16%",129,"Yes"
"Insects","Trichobius hirsutulus","17.86%","Yes","33.97%",11,"Yes"
"Mollusks","Diacavolinia constricta","42.47%","Yes","33.50%",44,"Yes"
"Plants","Sphagnum trirameum","66.67%","Yes","33.37%",5,"Yes"
"Mollusks","Brachypodella subtilis","38.10%","Yes","32.98%",15,"Yes"
"Mollusks","Microconus rufus","9.09%","Yes","32.75%",4,"Yes"
"Mollusks","Diplopoma rigidulum","82.76%","Yes","32.64%",23,"Yes"
"Plants","Cyathea grayumii","55.56%","Yes","32.52%",6,"Yes"
"Plants","Elvasia bisepala","91.67%","Yes","32.12%",9,"Yes"
"Insects","Haemagogus aeritinctus","20.00%","Yes","31.76%",3,"Yes"
"Plants","Aiouea bladenensia","90.91%","Yes","31.60%",4,"Yes"
"Plants","Goniopteris hondurensis","55.56%","Yes","31.58%",8,"Yes"
"Insects","Ollanta mexicana","20.00%","Yes","31.37%",20,"Yes"
"Insects","Hololepta bogotana","14.29%","Yes","31.23%",3,"Yes"
"Insects","Choreborogas jesseausubeli","6.67%","Yes","30.69%",6,"Yes"
"Plants","Nectandra belizensis","44.68%","Yes","30.65%",27,"Yes"
"Insects","Syscia machaquila","8.70%","Yes","30.46%",10,"Yes"
"Plants","Piper vexans","40.00%","Yes","30.33%",4,"Yes"
"Plants","Inga davidsei","37.50%","Yes","30.25%",32,"Yes"
"Plants","Parathesis rufa","59.46%","Yes","29.85%",30,"Yes"
"Insects","Platydema ornata","79.17%","Yes","29.40%",5,"Yes"
"Plants","Henriettea strigosa","37.50%","Yes","29.36%",17,"Yes"
"Plants","Amphitecna lundellii","42.86%","Yes","29.28%",5,"Yes"
"Plants","Piper atrichopus","10.00%","Yes","29.25%",10,"Yes"
"Mollusks","Volvarina maya","28.57%","Yes","29.10%",7,"Yes"
"Fungi","Pseudolagarobasidium belizense","66.67%","Yes","28.88%",3,"Yes"
"Plants","Chamguava gentlei","42.17%","Yes","28.54%",59,"Yes"
"Plants","Stelis johnsonii","75.00%","Yes","28.35%",3,"Yes"
"Plants","Psittacanthus pinicola","59.70%","Yes","27.76%",45,"Yes"
"Mollusks","Coelocentrum fistulare","9.09%","Yes","27.67%",7,"Yes"
"Insects","Stenus amissus","33.33%","Yes","27.66%",4,"Yes"
"Insects","Ptilia versicolor","5.26%","Yes","27.65%",13,"Yes"
"Plants","Stenanona stenopetala","50.00%","Yes","27.62%",20,"Yes"
"Plants","Ouratea insulae","27.27%","Yes","27.54%",51,"Yes"
"Plants","Muscarella fimbriata","6.45%","Yes","27.50%",26,"Yes"
"Plants","Ctenitis lanceolata","21.05%","Yes","27.37%",10,"Yes"
"Plants","Rehdera penninervia","32.26%","Yes","27.36%",42,"Yes"
"Insects","Pterinoxylus spinulosus","11.11%","Yes","27.23%",9,"Yes"
"Plants","Eugenia ibarrae","8.14%","Yes","27.12%",29,"Yes"
"Insects","Diceroprocta heathi","43.75%","Yes","26.97%",16,"Yes"
"Fungi","Glomus segmentatum","50.00%","Yes","26.39%",3,"Yes"
"Insects","Symphyloxiphus varians","45.45%","Yes","26.37%",7,"Yes"
"Plants","Clusia suborbicularis","17.65%","Yes","26.30%",16,"Yes"
"Insects","Dysnos brevis","57.14%","Yes","26.07%",7,"Yes"
"Plants","Piper lundellii","71.43%","Yes","25.97%",5,"Yes"
"Insects","Canthidium pseudoperceptibile","17.39%","Yes","25.93%",17,"Yes"
"Insects","Tetrasteira trimaculata","33.33%","Yes","25.92%",3,"Yes"
"Plants","Habenaria brownelliana","42.86%","Yes","25.29%",14,"Yes"
"Plants","Pouteria amygdalina","36.21%","Yes","25.24%",68,"Yes"
"Plants","Piper stevensii","15.79%","Yes","24.85%",18,"Yes"
"Plants","Piper levilimbum","54.55%","Yes","24.65%",9,"Yes"
"Plants","Piper gracillimum","43.75%","Yes","24.12%",14,"Yes"
"Insects","Piezogaster humerosus","55.56%","Yes","24.08%",27,"Yes"
"Plants","Stigmaphyllon cordatum","25.00%","Yes","24.03%",4,"Yes"
"Insects","Eurysternus obliteratus","6.67%","Yes","23.95%",17,"Yes"
"Plants","Eugenia chinajensis","50.00%","Yes","23.68%",8,"Yes"
"Insects","Dryinus gibbosus","66.67%","Yes","23.60%",3,"Yes"
"Mollusks","Rectaxis funibus","66.67%","Yes","23.09%",9,"Yes"
"Plants","Metastelma stenomeres","87.69%","Yes","23.09%",38,"Yes"
"Plants","Urospatha grandis","4.42%","Yes","23.06%",154,"Yes"
"Reptiles","Holcosus hartwegi","32.93%","Yes","23.04%",37,"Yes"
"Plants","Ageratum littorale","14.29%","Yes","23.01%",37,"Yes"
"Plants","Acourtia hondurana","78.57%","Yes","22.96%",11,"Yes"
"Fungi","Amanita silvatica","9.09%","Yes","22.94%",10,"Yes"
"Plants","Odontonema hondurense","46.49%","Yes","22.94%",90,"Yes"
"Insects","Stagmomantis venusta","13.64%","Yes","22.59%",22,"Yes"
"Insects","Strongylium sakaii","25.00%","Yes","22.56%",4,"Yes"
"Plants","Eugenia chahalana","7.55%","Yes","22.50%",19,"Yes"
"Plants","Mortoniodendron vestitum","5.46%","Yes","22.27%",113,"Yes"
"Insects","Procollina mesomaculata","20.00%","Yes","22.06%",5,"Yes"
"Plants","Dalechampia laevigata","14.29%","Yes","22.06%",16,"Yes"
"Insects","Rasopone minuta","6.06%","Yes","22.05%",22,"Yes"
"Plants","Piper chanekii","66.67%","Yes","21.90%",17,"Yes"
"Plants","Calea longipedicellata","35.17%","Yes","21.82%",91,"Yes"
"Insects","Euparius similis","16.67%","Yes","21.81%",6,"Yes"
"Plants","Hypericum styphelioides","65.91%","Yes","21.73%",210,"Yes"
"Plants","Oxandra belizensis","60.00%","Yes","21.60%",7,"Yes"
"Plants","Lycianthes hypoleuca","27.52%","Yes","21.57%",71,"Yes"
"Insects","Strategus longichomperus","7.41%","Yes","21.28%",17,"Yes"
"Insects","Pheidole tuxtlasana","4.13%","Yes","21.28%",208,"Yes"
"Plants","Pterolepis stenophylla","73.33%","Yes","21.14%",50,"Yes"
"Plants","Gonolobus dasystephanus","21.43%","Yes","21.07%",8,"Yes"
"Plants","Desmoncus chinantlensis","25.71%","Yes","21.03%",32,"Yes"
"Insects","Proceratium tio","8.11%","Yes","20.82%",33,"Yes"
"Plants","Pithecellobium peckii","66.67%","Yes","20.77%",11,"Yes"
"Insects","Carystoides lila","10.00%","Yes","20.68%",8,"Yes"
"Birds","Pampa pampa","3.41%","Yes","20.63%",41,"Yes"
"Insects","Hydrochus leei","28.57%","Yes","20.58%",5,"Yes"
"Plants","Coccoloba reflexiflora","17.32%","Yes","20.56%",100,"Yes"
"Plants","Matelea micrantha","7.58%","Yes","20.53%",40,"Yes"
"Plants","Graffenrieda gentlei","40.00%","Yes","20.48%",3,"Yes"
"Mollusks","Halotudora gruneri","12.50%","Yes","20.14%",20,"Yes"
"Mollusks","Pachychilus immanis","33.33%","Yes","20.07%",3,"Yes"
"Insects","Culex limacifer","83.33%","Yes","20.02%",4,"Yes"
"Insects","Titanacris velazquezii","72.00%","Yes","20.01%",77,"Yes"
