"Species","Record Share","Clears Screen","Range Share","Sample","Discovery (>=20%)"
"Turritopsoides brehmeri","100.00%","Yes",,2,
"Clytia gelatinosa","100.00%","Yes",,1,
"Tesseranthelia rhodora","50.00%","Yes",,2,
"Eirene lactea","33.33%","Yes",,2,
"Ralpharia gorgoniae","3.41%","Yes","14.55%",70,"No"
"Coryne sargassicola","50.00%","Yes","5.88%",4,"No"
"Millardiana longitentaculata","40.00%","Yes","4.63%",4,"No"
"Zanclea alba","20.00%","Yes","4.42%",5,"No"
"Bunodeopsis antilliensis","6.90%","Yes","3.72%",19,"No"
"Antillogorgia albatrossae","25.00%","Yes","3.22%",3,"No"
"Hydractinia arge","42.86%","Yes","2.78%",5,"No"
"Eunicea palmeri","14.29%","Yes","2.36%",13,"No"
"Antillogorgia kallos","4.76%","Yes","2.03%",13,"No"
"Gorgonia mariae","6.94%","Yes","1.99%",112,"No"
"Isarachnanthus nocturnus","1.99%","No",,,
"Antipathes gracilis","1.99%","No",,,
"Turritopsis nutricula","1.99%","No",,,
"Pachycordyle napolitana","37.50%","Yes","1.98%",4,"No"
"Lebrunia neglecta","1.93%","No",,,
"Deltocyathus moseleyi","1.89%","No",,,
"Lafoeina tenuis","1.85%","No",,,
"Briareum asbestinum","1.84%","No",,,
"Rhodactis osculifera","1.73%","No",,,
"Pterogorgia anceps","1.72%","No",,,
"Antillogorgia rigida","1.69%","No",,,
"Zyzzyzus warreni","1.68%","No",,,
"Gardineria minor","8.33%","Yes","1.59%",38,"No"
"Stylaster roseus","1.55%","No",,,
"Antillogorgia bipinnata","18.03%","Yes","1.53%",108,"No"
"Ricordea florida","5.37%","Yes","1.47%",225,"No"
"Stichodactyla helianthus","4.41%","Yes","1.44%",723,"No"
"Oceania armata","1.44%","No",,,
"Nemalecium lighti","1.39%","No",,,
"Thalamophyllia riisei","1.34%","No",,,
"Scolymia lacera","1.33%","No",,,
"Antillogorgia americana","1.32%","No",,,
"Diphyes dispar","1.31%","No",,,
"Stylaster duchassaingi","1.31%","No",,,
"Eudendrium bermudense","3.85%","Yes","1.27%",23,"No"
"Stephanocoenia intersepta","1.26%","No",,,
"Isaurus tuberculatus","1.20%","No",,,
"Pseudoplexaura flagellosa","1.20%","No",,,
"Phacelocyathus flos","3.53%","Yes","1.18%",61,"No"
"Antipathes caribbeana","4.82%","Yes","1.18%",60,"No"
"Clytia gracilis","1.16%","No",,,
"Cirrholovenia tetranema","1.14%","No",,,
"Melicertum octocostatum","1.13%","No",,,
"Diphyes bojani","1.09%","No",,,
"Acropora prolifera","8.97%","Yes","1.09%",158,"No"
"Iciligorgia schrammi","1.08%","No",,,
"Gorgonia flabellum","1.08%","No",,,
"Gorgonia ventalina","3.68%","Yes","1.08%",3361,"No"
"Placogorgia tribuloides","16.67%","Yes","1.08%",7,"No"
"Phialella chiquitita","9.09%","Yes","1.06%",11,"No"
"Paramuricea macrospina","6.87%","Yes","1.06%",118,"No"
"Eunicea succinea","1.05%","No",,,
"Plexaurella grisea","5.19%","Yes","1.04%",54,"No"
"Eunicea mammosa","3.90%","Yes","1.03%",104,"No"
"Tridentata marginata","1.01%","No",,,
"Condylactis gigantea","3.54%","Yes","1.00%",2342,"No"
"Ralpharia parasitica","25.00%","Yes","1.00%",3,"No"
"Muriceopsis petila","17.65%","Yes","0.98%",14,"No"
"Clytia macrotheca","38.46%","Yes","0.98%",8,"No"
"Bartholomea annulata","2.30%","Yes","0.98%",890,"No"
"Larsonia pterophylla","21.82%","Yes","0.98%",41,"No"
"Euphysa flammea","0.96%","No",,,
"Eunicea flexuosa","5.17%","Yes","0.95%",348,"No"
"Plexaura homomalla","4.92%","Yes","0.94%",559,"No"
"Phymanthus crucifer","5.56%","Yes","0.94%",324,"No"
"Eunicea clavigera","5.80%","Yes","0.93%",44,"No"
"Ricordea yuma","0.91%","No",,,
"Pseudoplexaura wagenaari","0.91%","No",,,
"Halecium tenellum","0.91%","No",,,
"Actinostella flosculifera","0.88%","No",,,
"Tridentata turbinata","0.87%","No",,,
"Zanclea costata","0.86%","No",,,
"Clytia linearis","0.85%","No",,,
"Stephanocoenia intersepta","2.94%","Yes","0.82%",28,"No"
"Laviactis lucida","0.81%","No",,,
"Palythoa caribaeorum","0.80%","No",,,
"Rhizosmilia maculata","0.78%","No",,,
"Pseudoplexaura porosa","2.45%","Yes","0.77%",145,"No"
"Zoanthus sociatus","0.77%","No",,,
"Coryne eximia","0.75%","No",,,
"Nicella guadalupensis","0.74%","No",,,
"Telmatactis vernonia","2.56%","Yes","0.70%",16,"No"
"Chrysogorgia desbonni","2.38%","Yes","0.68%",124,"No"
"Dynamena disticha","0.67%","No",,,
"Eunicea tourneforti","0.65%","No",,,
"Aglaophenia tubulifera","0.65%","No",,,
"Plexaurella nutans","0.63%","No",,,
"Plexaurella dichotoma","0.63%","No",,,
"Clytia paulensis","0.63%","No",,,
"Madracis myriaster","3.97%","Yes","0.63%",636,"No"
"Symmetroscyphus intermedius","20.00%","Yes","0.62%",14,"No"
"Muricea laxa","0.62%","No",,,
"Villogorgia nigrescens","0.61%","No",,,
"Myrionema hargitti","16.67%","Yes","0.60%",10,"No"
"Dynamena crisioides","0.60%","No",,,
"Dentitheca dendritica","0.59%","No",,,
"Distichopora cervina","4.35%","Yes","0.53%",12,"No"
"Javania cailleti","0.52%","No",,,
"Halopteris carinata","0.51%","No",,,
"Palythoa grandiflora","0.49%","No",,,
"Plumularia setaceoides","0.47%","No",,,
"Amphinema dinema","0.46%","No",,,
"Astrangia solitaria","6.33%","Yes","0.46%",159,"No"
"Chrysogorgia fewkesii","4.26%","Yes","0.45%",38,"No"
"Abylopsis eschscholtzii","0.45%","No",,,
"Antennella secundaria","0.44%","No",,,
"Lebrunia coralligens","0.43%","No",,,
"Exaiptasia diaphana","0.42%","No",,,
"Stylopathes columnaris","0.41%","No",,,
"Halopteris alternata","2.78%","Yes","0.40%",55,"No"
"Monotheca margaretta","8.33%","Yes","0.39%",22,"No"
"Diodogorgia nodulifera","0.39%","No",,,
"Anthopleura krebsi","0.36%","No",,,
"Zoanthus pulchellus","0.35%","No",,,
"Phyllangia americana","0.33%","No",,,
"Antillogorgia acerosa","0.32%","No",,,
"Bellactis ilkalyseae","3.57%","Yes","0.32%",19,"No"
"Myrionema amboinense","3.41%","Yes","0.28%",52,"No"
"Clytia hemisphaerica","0.28%","No",,,
"Amphisbetia distans","0.26%","No",,,
"Zanclea medusopolypata","9.09%","Yes","0.26%",6,"No"
"Eunicea calyculata","0.24%","No",,,
"Plumularia strictocarpa","0.24%","No",,,
"Telmatactis solidago","11.11%","Yes","0.24%",7,"No"
"Bunodeopsis pelagica","10.00%","Yes","0.24%",9,"No"
"Liriope tetraphylla","0.23%","No",,,
"Obelia bidentata","0.22%","No",,,
"Muriceopsis flavida","2.76%","Yes","0.21%",124,"No"
"Actinoporus elegans","4.17%","Yes","0.21%",21,"No"
"Sertularella peculiaris","12.50%","Yes","0.18%",10,"No"
"Halecium bermudense","2.33%","Yes","0.17%",26,"No"
"Orthopyxis sargassicola","0.17%","No",,,
"Zancleopsis dichotoma","5.66%","Yes","0.16%",24,"No"
"Caryophyllia crypta","9.09%","Yes","0.16%",11,"No"
"Clytia brevithecata","2.27%","Yes","0.14%",23,"No"
"Stichopathes luetkeni","0.13%","No",,,
"Aglaophenia latecarinata","3.68%","Yes","0.13%",271,"No"
"Halecium nanum","5.88%","Yes","0.12%",22,"No"
"Erythropodium caribaeorum","0.12%","No",,,
"Porites branneri","0.12%","No",,,
"Obelia dichotoma","0.11%","No",,,
"Halopteris diaphana","5.00%","Yes","0.10%",71,"No"
"Cladonema radiatum","2.30%","Yes","0.10%",54,"No"
"Clytia noliformis","3.07%","Yes","0.08%",103,"No"
"Stylophora pistillata","0.08%","No",,,
"Lizzia blondina","0.08%","No",,,
"Carijoa riisei","0.07%","No",,,
"Sphaerocoryne bedoti","2.01%","Yes","0.06%",67,"No"
"Antipathes atlantica","0.06%","No",,,
"Leuckartiara octona","0.06%","No",,,
"Kirchenpaueria halecioides","8.96%","Yes","0.05%",197,"No"
"Madrepora oculata","0.05%","No",,,
"Physalia physalis","0.03%","No",,,
"Porpita porpita","0.03%","No",,,
"Enallopsammia rostrata","0.01%","No",,,
"Eunicella verrucosa","0.01%","No",,,
"Clytia thornelyi","6.98%","Yes","0.00%",22,"No"
"Eunicea laciniata","9.23%","Yes","0.00%",38,"No"
"Plexaura nina","3.85%","Yes","0.00%",22,"No"
