"gbif_id","species","n_points","alpha","n_parts","global_area_km2","belize_area_km2","weight","note","clip","category","range_share_pct"
"1427122","Hetaerina pilula",28,"alpha4",2,37312.2,8400.6,0.225144132298351,,"terrestrial","LC","22.51%"
"1421556","Protoneura corculum",52,"alpha4",2,127634.6,17638,0.138191625302599,"","terrestrial","LC","13.82%"
"5051329","Telebasis collopistes",21,"alpha5",2,118160.6,16202.9,0.13712620286512,"","terrestrial","LC","13.71%"
"5051446","Argia calida",34,"alpha3",2,79040.2,8090.7,0.102361304617792,"","terrestrial","LC","10.24%"
"5051357","Telebasis boomsmae",12,"alpha26",1,86882.6,8518.9,0.0980501843682848,"","terrestrial","LC","9.81%"
"1421540","Protoneura aurantiaca",54,"alpha4",3,126494.6,12092,0.0955927923610906,"","terrestrial","LC","9.56%"
"5051567","Lestes tikalus",23,"alpha11",2,228290.6,21757.2,0.0953046993950677,"","terrestrial","LC","9.53%"
"1421795","Neoneura paya",29,"alpha3",1,128913.3,11978.5,0.0929187211551441,"","terrestrial","LC","9.29%"
"5051426","Argia gaumeri",512,"alpha3",1,372637.1,22107.1,0.0593260801975738,,"terrestrial","LC","5.93%"
"1421541","Protoneura cupida",75,"alpha3",1,147830.5,8462.5,0.0572446873588708,"","terrestrial","LC","5.72%"
"1349336","Ptiloglossa mexicana",172,"alpha4",3,322460.2,17990.9,0.0557927608190116,,"terrestrial","LC","5.58%"
"1355670","Pseudopanurgus bidentis",17,"alpha17",1,396772,22107.1,0.0557173866151908,"","terrestrial","LC","5.57%"
"1428935","Rhodopygia hinei",203,"alpha3",3,160587.2,7555.4,0.0470487862145376,,"terrestrial","LC","4.70%"
"1421551","Protoneura peramans",5,"alpha15",1,41680.3,1824.5,0.0437733335470229,"","terrestrial","LC","4.38%"
"1421927","Mecistogaster modesta",295,"alpha4",2,599859.6,22107.1,0.0368537932339398,"","terrestrial","LC","3.69%"
"1421811","Neoneura amelia",381,"alpha3",2,598045.6,21177.7,0.0354115414104557,,"terrestrial","LC","3.54%"
"5051343","Telebasis digiticollis",281,"alpha3",3,613430.9,21538.4,0.0351113297752452,"","terrestrial","LC","3.51%"
"1422474","Acanthagrion quadratum",486,"alpha3",1,646318.5,21781.5,0.0337008525376352,,"terrestrial","LC","3.37%"
"1429570","Idiataphe cubensis",670,"alpha5",3,648372.7,21214.7,0.0327199734265881,,"terrestrial","LC","3.27%"
"1424696","Gynacantha helenga",67,"alpha4",3,523724.4,16656.5,0.0318038877499755,"","terrestrial","LC","3.18%"
"1342890","Centris adani",47,"alpha6",2,395797.4,12390.8,0.0313058940476047,"","terrestrial","LC","3.13%"
"5039614","Epicharis elegans",120,"alpha3",2,703096.8,21526.8,0.0306170773995755,"","terrestrial","LC","3.06%"
"1340655","Euglossa obtusa",15,"alpha13",1,126503.5,3838.7,0.030344824515175,"","terrestrial","NT","3.03%"
"1422441","Acanthagrion inexpectum",40,"alpha18",3,683836,19644.3,0.0287266001847902,"","terrestrial","LC","2.87%"
"5051378","Argia pipila",18,"alpha3",1,236425.6,6441.2,0.0272439026509818,"","terrestrial","LC","2.72%"
"5052100","Cora marina",90,"alpha6",3,331287,8426.7,0.0254361867446981,"","terrestrial","LC","2.54%"
"1421947","Pseudostigma accedens",16,"alpha16",1,275905.7,6695.9,0.024268798136672,"","terrestrial","LC","2.43%"
"1427838","Orthemis levis",250,"alpha3",1,954056,22107.1,0.0231717019625739,,"terrestrial","LC","2.32%"
"5992535","Coprophanaeus corythus",723,"alpha3",3,838789.9,18571.7,0.0221411113489167,"","terrestrial","LC","2.21%"
"5051519","Argia frequentula",559,"alpha15",1,1145176.7,22107.1,0.0193045326406151,,"terrestrial","LC","1.93%"
"1427622","Micrathyria dissocians",78,"alpha10",3,807241.9,15229.6,0.018866257025496,"","terrestrial","LC","1.89%"
"1425402","Phyllogomphoides duodentatus",28,"alpha4",3,99657.5,1754.5,0.0176052436179878,"","terrestrial","LC","1.76%"
"1424778","Gynacantha mexicana",426,"alpha6",3,1244757.8,21906.2,0.0175987839674025,,"terrestrial","LC","1.76%"
"5141333","Battus laodamas",406,"alpha4",3,1396022.2,22107.1,0.0158357799414051,"","terrestrial","LC","1.58%"
"1352789","Augochlora smaragdina",153,"alpha32",2,1462009.2,22107.1,0.0151210407907356,"","terrestrial","LC","1.51%"
"5051633","Lestes tenuatus",537,"alpha6",3,1542252.5,22789.4,0.0147766869448793,"","terrestrial","LC","1.48%"
"1428891","Cannaphila insularis",1106,"alpha6",2,1747241.4,22107.1,0.0126525740981236,,"terrestrial","LC","1.27%"
"1427107","Hetaerina cruentata",887,"alpha3",3,884498.5,10716.3,0.0121156472251632,,"terrestrial","LC","1.21%"
"1429350","Brechmorhoga rapax",308,"alpha5",3,721096.4,8463.7,0.0117372643511338,"","terrestrial","LC","1.17%"
"5051454","Argia ulmeca",240,"alpha3",2,845234.8,9699.1,0.0114749923721234,,"terrestrial","LC","1.15%"
"5051502","Argia indicatrix",217,"alpha4",3,903848.8,10331.8,0.0114308890926862,"","terrestrial","LC","1.14%"
"5051528","Leptobasis vacillans",323,"alpha6",3,1934770.7,22107.1,0.0114262121136883,"","terrestrial","LC","1.14%"
"1429032","Erythrodiplax fervida",1138,"alpha5",3,1968993.3,22107.1,0.0112276159436418,,"terrestrial","LC","1.12%"
"1425774","Aphylla protracta",654,"alpha3",3,806884.4,8896.8,0.0110261743722366,,"terrestrial","LC","1.10%"
"8761390","Argia cuprea",317,"alpha6",2,914181.3,9511.8,0.0104047347190234,"","terrestrial","LC","1.04%"
"5051355","Telebasis filiola",257,"alpha5",3,2161785.4,21875.2,0.0101190627731614,"","terrestrial","LC","1.01%"
"1428023","Macrothemis inequiunguis",343,"alpha4",3,888515.8,8962.4,0.0100869680964555,"","terrestrial","LC","1.01%"
"1423120","Nehalennia minuta",162,"alpha9",2,2305437.6,22107.1,0.00958911284277257,"","terrestrial","LC","0.96%"
"1429016","Erythrodiplax funerea",2762,"alpha11",1,2066682.4,17592.4,0.00851240146057118,,"terrestrial","LC","0.85%"
"1427152","Hetaerina occisa",1223,"alpha3",3,1935236.9,15686.9,0.00810593814106629,,"terrestrial","LC","0.81%"
"5051460","Argia pulla",1500,"alpha3",2,2106790.9,16585.6,0.00787244819916451,,"terrestrial","LC","0.79%"
"1424221","Perissolestes magdalenae",42,"alpha14",1,185185.3,1434.3,0.00774506366940106,"","terrestrial","LC","0.77%"
"1427660","Micrathyria atra",258,"alpha7",2,2902488.9,22107.1,0.00761660128743955,"","terrestrial","LC","0.76%"
"1423456","Neoerythromma cultellatum",875,"alpha125",1,2936956,22107.1,0.00752721554813286,,"terrestrial","LC","0.75%"
"1427112","Hetaerina capitalis",278,"alpha4",3,963834.6,7121.8,0.00738906344254327,"","terrestrial","LC","0.74%"
"1427625","Micrathyria aequalis",2046,"alpha7",2,3243639.8,22107.1,0.00681552282841067,,"terrestrial","LC","0.68%"
"5051422","Argia oenea",1233,"alpha3",1,2018315.2,13233.1,0.00655651058517195,,"terrestrial","LC","0.66%"
"1425771","Aphylla angustifolia",1655,"alpha5",2,884833.2,5725,0.00647009932257882,,"terrestrial","LC","0.65%"
"5051361","Telebasis salva",4251,"alpha4",3,3480855.5,22107.1,0.00635105395373715,,"terrestrial","LC","0.64%"
"1426619","Erpetogomphus ophibolus",48,"alpha3",1,139300.2,849.9,0.00610145626059818,"","terrestrial","LC","0.61%"
"1427645","Micrathyria didyma",911,"alpha7",3,3843807,22107.1,0.00575135558518253,,"terrestrial","LC","0.58%"
"5051372","Argia translata",4321,"alpha6",3,3751163.9,21483.2,0.005727067456969,,"terrestrial","LC","0.57%"
"1424891","Triacanthagyna caribbea",230,"alpha12",2,3965676.9,22107.1,0.00557460967539828,"","terrestrial","LC","0.56%"
"5051496","Argia anceps",1375,"alpha52",1,1791717.1,9324.4,0.00520414768943735,,"terrestrial","LC","0.52%"
"1428903","Planiplax sanguiniventris",399,"alphaMCH",1,4304663.5,22107.1,0.00513561655590067,"","terrestrial","LC","0.51%"
"1424892","Triacanthagyna septima",648,"alpha5",3,4332471.8,22107.1,0.00510265315191388,,"terrestrial","LC","0.51%"
"1352969","Augochloropsis ignita",171,"alpha3",3,575421.8,2882.9,0.005010020331142,"","terrestrial","LC","0.50%"
"1427825","Orthemis ferruginea",4495,"alpha5",2,4440755.2,22107.1,0.00497823000626812,,"terrestrial","LC","0.50%"
"1427158","Hetaerina titia",3866,"alpha7",1,4614306,22107.1,0.00479099155191689,,"terrestrial","LC","0.48%"
"10842507","Prionopelta dubia",161,"alpha8",3,720934.1,3418.3,0.0047414648154265,"","terrestrial","LC","0.47%"
"1429369","Brechmorhoga praecox",467,"alpha10",3,1973683,9227.1,0.00467508899398189,,"terrestrial","LC","0.47%"
"1428017","Macrothemis hemichlora",144,"alpha10",3,4909566.7,21297.2,0.00433789489601089,"","terrestrial","LC","0.43%"
"1424945","Rhionaeschna psilus",570,"alpha6",3,2531143,10761.4,0.0042516158093629,,"terrestrial","LC","0.43%"
"1423387","Ischnura ramburii",4309,"alpha9",3,5405817.8,22107.1,0.0040895016442741,,"terrestrial","LC","0.41%"
"1317013","Prionopelta modesta",681,"alphaMCH",1,5432558.5,22107.1,0.00406937191868906,"","terrestrial","LC","0.41%"
"5051301","Enallagma novaehispaniae",1369,"alpha13",3,5411911.2,21634.4,0.00399755469081687,,"terrestrial","LC","0.40%"
"1428057","Perithemis domitia",1546,"alpha6",3,5637155.2,22107.1,0.00392167682457035,,"terrestrial","LC","0.39%"
"1428473","Tramea abdominalis",734,"alpha11",3,5683043.8,22107.1,0.00389001065127302,,"terrestrial","LC","0.39%"
"1428190","Tauriphila argo",147,"alpha11",1,5904088.1,22107.1,0.00374437176414274,"","terrestrial","LC","0.37%"
"4302729","Ischnura hastata",4154,"alpha16",3,6022919.9,22107.1,0.00367049560162531,,"terrestrial","LC","0.37%"
"1429504","Dythemis sterilis",2196,"alpha6",1,6086573.6,22107.1,0.00363210937059114,,"terrestrial","LC","0.36%"
"5051634","Lestes forficula",1062,"alpha6",2,6087871.1,22107.1,0.00363133522504261,,"terrestrial","LC","0.36%"
"1425069","Coryphaeschna viriditas",242,"alpha7",2,6446593.3,22107.1,0.00342926874466317,,"terrestrial","LC","0.34%"
"5051769","Anax concolor",229,"alpha9",3,6926189,22107.1,0.00319181313641351,,"terrestrial","LC","0.32%"
"1427946","Libellula herculea",1004,"alpha7",2,7113569.3,22107.1,0.0031077367664895,,"terrestrial","LC","0.31%"
"1937110","Parides sesostris",765,"alpha4",2,6709023.1,20792.8,0.0030992282210699,,"terrestrial","LC","0.31%"
"1428484","Tramea onusta",4474,"alpha10",1,7883382,22107.1,0.00280426608750279,,"terrestrial","LC","0.28%"
"1920809","Zerene cesonia",4394,"alpha8",3,6810822.5,18497.8,0.00271594110169348,,"terrestrial","LC","0.27%"
"4299370","Vanessa virginiensis",4793,"alpha8",3,8216918,22107.1,0.00269043706917601,"","terrestrial","LC","0.27%"
"1427685","Miathyria marcella",2238,"alpha6",3,8299397.3,22107.1,0.00266369956066956,,"terrestrial","LC","0.27%"
"1427904","Libellula croceipennis",4541,"alphaMCH",1,8684436.5,22107.1,0.00254559991523212,,"terrestrial","LC","0.25%"
"1427640","Micrathyria ocellata",407,"alpha8",1,9102285.6,22107.1,0.00242874173767445,,"terrestrial","LC","0.24%"
"1428980","Erythrodiplax berenice",3938,"alpha5",1,2103135.3,4979.7,0.00236773485133015,,"terrestrial","LC","0.24%"
"1428506","Tramea binotata",487,"alpha7",3,9355944.3,22107.1,0.00236289359171607,"","terrestrial","LC","0.24%"
"1428193","Tauriphila australis",201,"alpha10",2,9422736.2,22107.1,0.00234614453188943,"","terrestrial","LC","0.23%"
"1427690","Uracis imbuta",1803,"alpha5",2,7384292.6,16635.6,0.00225283088910225,,"terrestrial","LC","0.23%"
"1427861","Pantala hymenaea",4441,"alpha6",3,9865934.7,22107.1,0.00224075078660685,,"terrestrial","LC","0.22%"
"1429336","Erythemis haematogastra",583,"alpha7",1,10071909.4,22107.1,0.00219492650668371,,"terrestrial","LC","0.22%"
"5714299","Danaus gilippus",4595,"alpha7",2,10326365.8,22107.1,0.00214084038846515,,"terrestrial","LC","0.21%"
"1427875","Anatya guttata",606,"alpha6",1,10424965.1,22107.1,0.00212059232076524,,"terrestrial","LC","0.21%"
"5051440","Argia oculata",1594,"alpha7",2,7988790,16566.8,0.00207375153123806,,"terrestrial","LC","0.21%"
"1429325","Erythemis attala",1422,"alpha6",2,11006147.1,22107.1,0.00200861398423921,"","terrestrial","LC","0.20%"
"5051738","Anax amazili",804,"alpha6",2,11126592.2,22107.1,0.0019868707755394,,"terrestrial","LC","0.20%"
"1429329","Erythemis peruviana",2246,"alpha4",2,11433191.2,22107.1,0.00193358971472571,,"terrestrial","LC","0.19%"
"1162741","Aspisoma ignitum",361,"alpha14",1,11688916.3,22107.1,0.00189128746910974,,"terrestrial","LC","0.19%"
"1424697","Gynacantha nervosa",1342,"alpha7",2,12110149.4,22107.1,0.00182550191431297,,"terrestrial","LC","0.18%"
"1898402","Libytheana carinenta",4648,"alpha7",3,12220756.9,22107.1,0.00180897968220459,,"terrestrial","LC","0.18%"
"1429501","Dythemis nigra",1083,"alpha6",2,7741333.8,13358.3,0.00172557906724042,,"terrestrial","LC","0.17%"
"1425075","Coryphaeschna adnexa",934,"alpha6",2,13314801.6,22791,0.00171170405462486,,"terrestrial","LC","0.17%"
"1429476","Macrodiplax balteata",2613,"alpha4",3,2029621.1,3372.4,0.00166160876928475,,"terrestrial","LC","0.17%"
"1421554","Protoneura amatoria",121,"alpha5",3,614389.7,1013,0.00164884605597746,"","terrestrial","LC","0.16%"
"1429220","Tholymis citrina",815,"alpha7",1,14263772,22107.1,0.00154987761485542,,"terrestrial","LC","0.15%"
"1429002","Erythrodiplax fusca",2446,"alpha8",1,14399330.7,22107.1,0.00153528669560468,,"terrestrial","LC","0.15%"
"1427979","Brachymesia herbida",1588,"alpha6",2,15209749.4,22107.1,0.00145348225478187,,"terrestrial","LC","0.15%"
"1429367","Brechmorhoga vivax",159,"alpha7",3,1079695.6,1506.9,0.00139563519139529,"","terrestrial","LC","0.14%"
"1427826","Orthemis discolor",4181,"alpha7",1,16944746.5,22107.1,0.00130465810615547,,"terrestrial","LC","0.13%"
"1429049","Erythrodiplax umbrata",4570,"alpha5",2,17744001.2,22107.1,0.00124589153429951,,"terrestrial","LC","0.12%"
"1423371","Ischnura capreolus",986,"alpha5",2,17744949.1,22107.1,0.0012458249798911,,"terrestrial","LC","0.12%"
"1429338","Erythemis vesiculosa",4617,"alpha5",3,18261706.4,22107.1,0.00121057147546628,,"terrestrial","LC","0.12%"
"1429333","Erythemis plebeja",4024,"alpha22",1,18696022.4,22107.1,0.0011824494200176,,"terrestrial","LC","0.12%"
"1427976","Brachymesia furcata",4358,"alpha9",1,18937205.4,22107.1,0.00116738982474128,,"terrestrial","LC","0.12%"
"1428487","Tramea darwini",2147,"alpha7",1,19445501.6,22107.1,0.0011368748063876,,"terrestrial","LC","0.11%"
"1429448","Elasmothemis cannacrioides",282,"alpha8",1,11572420.1,10167.9,0.000878629793561923,"","terrestrial","LC","0.09%"
"1428889","Cannaphila vibex",331,"alpha7",3,1208621.8,983.7,0.000813939379984717,,"terrestrial","LC","0.08%"
"1423132","Enacantha caribbea",13,"alpha9",1,145200.6,105.9,0.000729533616261648,"","terrestrial","LC","0.07%"
"1428042","Macrothemis inacuta",454,"alpha4",3,1991810.5,624.5,0.000313522903768256,,"terrestrial","LC","0.03%"
"1092928","Dichotomius maya",6,"alpha3",1,15092.7,0,0,"","terrestrial","LC","0.00%"
"1426627","Erpetogomphus eutainia",317,"alpha5",3,484127.5,0,0,"","terrestrial","LC","0.00%"
"5141342","Battus philenor",4726,"alpha9",1,4332896.3,0,0,"","terrestrial","LC","0.00%"
"1937816","Papilio polyxenes",4808,"alpha6",2,7129227,0,0,"","terrestrial","LC","0.00%"
"5051405","Argia chelata",124,"alpha3",3,90508.3,0,0,"","terrestrial","LC","0.00%"
"1429446","Elasmothemis aliciae",3,"alpha6",1,10848.9,0,0,"","terrestrial","LC","0.00%"
"1421946","Pseudostigma aberrans",34,"alpha8",1,204876.3,0,0,"","terrestrial","LC","0.00%"
"1425574","Agriogomphus ericae",3,"alpha79",1,44925.9,0,0,"","terrestrial","LC","0.00%"
"1425570","Agriogomphus tumens",17,"alpha26",2,64467.1,0,0,"","terrestrial","LC","0.00%"
"1427609","Micrathyria eximia",10,"alpha13",2,5421850,0,0,"","terrestrial","LC","0.00%"
"1339267","Eufriesea schmidtiana",52,"alpha4",1,109531.1,0,0,"","terrestrial","LC","0.00%"
"9684985","Rhynchotermes perarmatus",52,"alpha5",1,205822.2,0,0,"","terrestrial","LC","0.00%"
"1427837","Orthemis biolleyi",80,"alpha7",2,4582113.7,0,0,"","terrestrial","LC","0.00%"
"1427123","Hetaerina sempronia",57,"alpha4",3,45577.9,0,0,"","terrestrial","LC","0.00%"
"1425803","Progomphus mexicanus",18,"alpha85",1,389852.8,0,0,"","terrestrial","LC","0.00%"
"1421470","Palaemnema nathalia",50,"alpha3",2,108502.7,0,0,"","terrestrial","LC","0.00%"
"1426133","Phyllocycla volsella",36,"alpha12",2,363459.8,0,0,"","terrestrial","LC","0.00%"
"1421457","Palaemnema paulina",8,"alpha15",1,148149.2,0,0,"","terrestrial","LC","0.00%"
"1425079","Coryphaeschna diapyra",50,"alpha5",2,601535.1,0,0,"","terrestrial","LC","0.00%"
"1424890","Triacanthagyna ditzleri",60,"alpha9",2,4549347.1,0,0,"","terrestrial","LC","0.00%"
"1428998","Erythrodiplax castanea",269,"alpha6",2,9573648,0,0,"","terrestrial","LC","0.00%"
"1428019","Macrothemis imitans",371,"alpha8",3,5256640,0,0,"","terrestrial","LC","0.00%"
"1428046","Macrothemis musiva",43,"alpha19",2,9003570.2,0,0,"","terrestrial","LC","0.00%"
"1429158","Nephepeltia flavifrons",43,"alpha15",2,6830227.5,0,0,"","terrestrial","LC","0.00%"
"1429340","Erythemis simplicicollis",4579,"alpha3",1,3619882.9,0,0,"","terrestrial","LC","0.00%"
"5051442","Argia extranea",1440,"alpha4",3,916800.7,0,0,,"terrestrial","LC","0.00%"
"1427680","Paltothemis lineatipes",3535,"alpha3",2,3244259.1,0,0,,"terrestrial","LC","0.00%"
"9279443","Argia elongata",816,"alpha3",1,348347.4,0,0,,"terrestrial","LC","0.00%"
"1425830","Progomphus clendoni",227,"alpha4",3,820954.7,0,0,,"terrestrial","LC","0.00%"
"1429165","Nephepeltia phryne",267,"alpha8",3,4623429.4,0,0,,"terrestrial","LC","0.00%"
"1428035","Macrothemis pseudimitans",569,"alpha3",2,1091866.8,0,0,,"terrestrial","LC","0.00%"
"1421952","Megaloprepus caerulatus",690,"alpha3",3,388925.4,0,0,,"terrestrial","LC","0.00%"
"1423333","Ischnura posita",4245,"alpha3",2,3370258.2,0,0,,"terrestrial","LC","0.00%"
"5051741","Anax junius",4508,"alpha4",2,9620186.9,0,0,,"terrestrial","LC","0.00%"
"5051705","Archilestes grandis",4376,"alpha3",3,5181463.1,0,0,,"terrestrial","LC","0.00%"
"1428054","Pachydiplax longipennis",4583,"alpha3",1,5255172,0,0,,"terrestrial","LC","0.00%"
"1428276","Sympetrum corruptum",4682,"alpha3",3,8013119.8,0,0,,"terrestrial","LC","0.00%"
"1427855","Pantala flavescens",4611,"",,,,,"getDynamicAlphaHull failed: Error in (function (msg)  : 
  IllegalArgumentException: Invalid number of points in LinearRing found 2 - must be 0 or >= 4
","terrestrial","LC",""
"1425462","Epigomphus maya",,"",,,,,"GBIF fetch failed after retries","terrestrial","EN",""
"5051407","Argia immunda",4281,,,,,,"getDynamicAlphaHull failed: Error in UseMethod(""as_s2_geography"") : 
  no applicable method for 'as_s2_geography' applied to an object of class ""try-error""
","terrestrial","LC",
"11701883","Dione vanillae",4745,,,,,,"getDynamicAlphaHull failed: Error in (function (msg)  : 
  IllegalArgumentException: Invalid number of points in LinearRing found 2 - must be 0 or >= 4
","terrestrial","LC",
"5133088","Danaus plexippus",4754,,,,,,"getDynamicAlphaHull failed: Error in (function (msg)  : 
  IllegalArgumentException: Invalid number of points in LinearRing found 2 - must be 0 or >= 4
","terrestrial","LC",
"1428077","Perithemis tenera",4483,,,,,,"getDynamicAlphaHull failed: Error in (function (msg)  : 
  IllegalArgumentException: Invalid number of points in LinearRing found 2 - must be 0 or >= 4
","terrestrial","LC",
