"Common Name","Scientific Name","IUCN Ranking","Belize Ranking 2025","Range Share","Range Share (BirdLife)","Responsibility","Responsibility (BirdLife)","Sample"
"Yellow-Headed Parrot","Amazona oratrix","EN","CR","2.56%","31.09%","","~",1322
"Reddish Egret","Egretta rufescens","NT","CR","0.46%","1.58%","","",4467
"Solitary Eagle","Harpyhaliaetus solitarius","NT","CR","0.64%","No Map Available","",,1166
"Orange-Breasted Falcon","Falco deiroleucus","NT","CR","0.16%","0.32%","","",380
"Harpy Eagle","Harpia harpyja","VU","CR","0.05%","0.19%","","",1816
"Scarlet Macaw","Ara macao","LC","CR","0.57%","0.16%","","",3808
"Crested Eagle","Morphnus guianensis","NT","CR","0.24%","0.11%","","",990
"Red-Footed Booby","Sula sula","LC","CR","Invalid Geometry","0.03%",,"",2991
"Great Horned Owl","Bubo virginianus","LC","CR","0.29%","0.02%","","",4756
"Sooty Tern","Onychoprion fuscatus","LC","CR","Invalid Geometry","0.02%",,"",1844
"Red Crossbill","Loxia curvirostra","LC","CR","0.00%","0.00%","","",3826
"Greater Pewee","Contopus pertinax","LC","CR","0.61%","0.00%","","",1967
"Yellow-Naped Amazon","Amazona auropalliata","CR",,"0.00%","0.00%","","",1018
"Muscovy Duck","Cairina moschata","LC","CR","Invalid Geometry","No Map Available",,,4431
"Yellow-Lored Parrot","Amazona xantholora","LC","EN","16.89%","6.44%","","",1323
"Great Curassow","Crax rubra","VU","EN","6.01%","3.31%","","",2687
"Ocellated Turkey","Meleagris ocellata","NT","EN","18.47%","2.16%","","",1471
"Crested Guan","Penelope purpurascens","NT","EN","3.06%","1.71%","","",2415
"American Black Crake","Laterallus jamaicensis","EN",,"0.17%","0.72%","","",1349
"Black-and-White Hawk-Eagle","Spizaetus melanoleucus","LC","EN","0.44%","0.25%","","",1705
"Ornate Hawk-Eagle","Spizaetus ornatus","NT","EN","0.39%","0.21%","","",1539
"Bridled Tern","Onychoprion anaethetus","LC","EN","0.06%","0.07%","","",1888
"Red-Tailed Hawk","Buteo jamaicensis","LC","EN","0.45%","0.07%","","",4759
"Osprey","Pandion haliaetus","LC","EN","Invalid Geometry","0.03%",,"",4663
"Collared Plover","Charadrius collaris","LC","EN","0.01%","0.01%","","",637
"Mealy Parrot","Amazona farinosa","NT","EN","0.66%","0.00%","","",2037
"Gold Finch of Texas","Setophaga chrysoparia","EN",,"0.00%","0.00%","","",1578
"Yucatan Vireo","Vireo magister","LC","VU","25.81%","No Map Available","~",,1146
"Keel-Billed Motmot","Electron carinatum","VU","VU","9.57%","13.22%","","",877
"Black-Throated Shrike-Tanager","Lanio aurantius","LC","VU","14.53%","8.83%","","",861
"Black-Throated Bobwhite","Colinus nigrogularis","LC","VU","14.28%","7.24%","","",1332
"Slaty-Breasted Tinamou","Crypturellus boucardi","VU",,"8.89%","6.55%","","",824
"Brown-Hooded Parrot","Pionopsitta haematotis","LC","VU","6.55%","No Map Available","",,1137
"Lovely Cotinga","Cotinga amabilis","LC","VU","5.70%","5.53%","","",795
"White-Crowned Parrot","Pionus senilis","LC","VU","6.64%","4.78%","","",1794
"Speckled Mourner","Laniocera rufescens","LC","VU","3.64%","3.18%","","",585
"Singing Quail","Dactylortyx thoracicus","LC","VU","2.41%","2.58%","","",1157
"Red-Lored Parrot","Amazona autumnalis","LC","VU","0.82%","2.43%","","",2938
"White-Crowned Pigeon","Patagioenas leucocephala","NT","VU","1.55%","1.49%","","",2261
"Common Black Hawk","Buteogallus anthracinus","LC","VU","1.45%","1.16%","","",3073
"Caribbean Dove","Leptotila jamaicensis","LC","VU","6.31%","0.82%","","",1098
"Brown Pelican","Pelecanus occidentalis","LC","VU","0.20%","0.54%","","",4687
"Wilson's Plover","Charadrius wilsonia","LC","VU","0.58%","0.43%","","",1335
"Sandwich Tern","Thalasseus sandvicensis","LC","VU","0.14%","0.39%","","",2112
"Plumbeous Vireo","Vireo plumbeus","LC","VU","0.35%","0.38%","","",1816
"Common Dowitcher","Limnodromus griseus","VU",,"0.25%","0.35%","","",2676
"Magnificent Frigatebird","Fregata magnificens","LC","VU","0.49%","0.29%","","",4608
"Sedge Wren","Cistothorus platensis","LC","VU","0.35%","0.29%","","",2299
"Agami Heron","Agamia agami","NT","VU","0.66%","0.27%","","",1526
"Black Hawk-Eagle","Spizaetus tyrannus","LC","VU","0.52%","0.26%","","",2016
"Stygian Owl","Asio stygius","LC","VU","0.86%","0.26%","","",1394
"Jabiru","Jabiru mycteria","LC","VU","0.71%","0.23%","","",2292
"Hook-Billed Kite","Chondrohierax uncinatus","LC","VU","0.48%","0.22%","","",1997
"Roseate Spoonbill","Platalea ajaja","LC","VU","0.25%","0.22%","","",4560
"Snail Kite","Rostrhamus sociabilis","LC","VU","0.25%","0.19%","","",3672
"Black-Collared Hawk","Busarellus nigricollis","LC","VU","0.47%","0.17%","","",2194
"King Vulture","Sarcoramphus papa","LC","VU","0.56%","0.15%","","",2263
"Bicolored Hawk","Accipiter bicolor","LC","VU","0.36%","0.15%","","",359
"Wood Stork","Mycteria americana","LC","VU","0.34%","0.15%","","",4529
"Black Bellied Plover","Pluvialis squatarola","VU",,"0.04%","0.13%","","",2591
"Grasshopper Sparrow","Ammodramus savannarum","LC","VU","0.26%","0.12%","","",2975
"Swallow-Tailed Kite","Elanoides forficatus","LC","VU","0.30%","0.12%","","",4310
"Strong-Billed Woodcreeper","Xiphocolaptes promeropirhynchus","LC","VU","0.26%","0.11%","","",1123
"Crested Owl","Lophostrix cristata","LC","VU","0.26%","0.11%","","",1354
"Lesser Yellowlegs","Tringa flavipes","VU",,"0.03%","0.09%","","",4338
"Least Tern","Sternula antillarum","LC","VU","0.28%","0.08%","","",4391
"Brown Noddy","Anous stolidus","LC","VU","Invalid Geometry","0.02%",,"",2396
"American Swift","Chaetura pelagica","VU",,"0.59%","0.00%","","",4249
"Great Marbled Godwit","Limosa fedoa","VU",,"0.17%","0.00%","","",4425
"Buff-Breasted Sandpiper","Calidris subruficollis","VU",,"0.12%","0.00%","","",1686
"Pond Bird","Calidris fuscicollis","VU",,"0.10%","0.00%","","",2433
"Hudsonian Godwit","Limosa haemastica","VU",,"0.07%","0.00%","","",2134
"Sinaloa Martin","Progne sinaloae","VU",,"0.00%","0.00%","","",104
"Black-Legged Kittiwake","Rissa tridactyla","VU",,"0.00%","0.00%","","",2287
"Black Catbird","Melanoptila glabrirostris","LC","Watch List (NT/LC/DD)","22.05%","9.15%","~","",1290
"Nightingale Wren","Microcerculus philomela","NT",,"6.82%","4.90%","","",505
"White-Fronted Parrot","Amazona albifrons","LC","Watch List (NT/LC/DD)","2.79%","3.06%","","",2623
"Keel-Billed Toucan","Ramphastos sulfuratus","NT",,"5.11%","3.05%","","",3720
"Tricolored Heron","Egretta tricolor","LC","Watch List (NT/LC/DD)","0.22%","0.88%","","",4580
"Chuch-Will's-Widow","Antrostomus carolinensis","NT",,"0.80%","0.59%","","",3338
"Pond Bird","Calidris pusilla","NT",,"0.17%","0.38%","","",4021
"Common Knot","Calidris canutus","NT",,"0.05%","0.26%","","",1907
"Eastern Whip-Poor-Wil","Antrostomus vociferus","NT",,"0.00%","0.23%","","",3128
"Least Sandpiper","Calidris minutilla","NT",,"0.19%","No Map Available","",,4305
"Boat-Billed Heron","Cochlearius cochlearius","LC","Watch List (NT/LC/DD)","0.53%","0.19%","","",2221
"Aplomado Falcon","Falco femoralis","LC","Watch List (NT/LC/DD)","0.21%","0.17%","","",2618
"Eastern Meadowlark","Sturnella magna","NT",,"0.54%","0.16%","","",4577
"Pond Bird","Arenaria interpres","NT",,"0.05%","0.16%","","",2065
"Antillean Killdeer","Charadrius vociferus","NT",,"0.27%","0.13%","","",4758
"Bastard Yellowlegs","Calidris himantopus","NT",,"0.14%","0.08%","","",2695
"Great Egret","Ardea alba","LC","Watch List (NT/LC/DD)","0.08%","No Map Available","",,3765
"Leach's Petrel","Oceanodroma leucorhoa","NT",,"0.05%","No Map Available","",,1475
"Aunt Sarah","Tringa melanoleuca","NT",,"0.10%","0.04%","","",4537
"Golden-Winged Warbler","Vermivora chrysoptera","NT",,"0.59%","0.04%","","",1771
"Blue-Green Warbler","Setophaga cerulea","NT",,"1.22%","0.00%","","",1964
"Black-Poll Warbler","Setophaga striata","NT",,"0.25%","0.00%","","",3400
"Bobolink","Dolichonyx oryzivorus","NT",,"0.15%","0.00%","","",3568
"Long-Billed Dowitcher","Limnodromus scolopaceus","NT",,"0.11%","0.00%","","",3513
"Dunlin","Calidris alpina","NT",,"0.00%","0.00%","","",2019
"Fulvous Whistling-Duck","Dendrocygna bicolor","LC","Watch List (NT/LC/DD)","Invalid Geometry","0.00%",,"",2637
