"Common Name","Scientific Name","IUCN Ranking","Belize Ranking 2025","Range Share","Responsibility","Sample"
"Sanderson's Streamfrog","Craugastor sandersoni","EN","EN","55.98%","~~",11
"Guatemalan Treefrog","Ecnomiohyla minera","VU","EN","13.12%","",7
"Bromeliad Treefrog","Bromeliohyla bromeliacia","LC","EN","3.88%","",60
"Maya Mountains Frog","Lithobates juliani","LC","VU","83.96%","~~~~",21
"Long-Legged Streamfrog","Craugastor sabrinus","NT","VU","47.07%","~~",71
"Limestone Rainfrog","Craugastor psephosypharus","NT","VU","27.28%","~",18
"Alta Verapaz Salamander","Bolitoglossa dofleini","NT","VU","18.77%","",89
"West Forest Caecilian","Gymnopis syntrema","NT","VU","8.06%","",12
"Leprus Chirping Frog","Eleutherodactylus leprus","LC","VU","6.42%","",243
"Yucatan Mushroomtongue Salamander","Bolitoglossa yucatana","LC","VU","4.59%","",246
"Broad-Headed Cave Frog","Craugastor laticeps","LC","VU","4.08%","",135
"Morelet's Treefrog","Agalychnis moreletii","LC","VU","3.11%","",395
"Central American Worm Salamander","Oedipina elongata","LC","Watch List (NT/LC/DD)","17.20%","",27
"Campbell's Forest Toad","Incilius campbelli","LC","Watch List (NT/LC/DD)","10.86%","",69
"Yucatecan Casque-Headed Treefrog","Triprion petasatus","LC","Watch List (NT/LC/DD)","8.68%","",531
"Nymph Salamander","Bolitoglossa nympha","LC",,"23.57%","~",51
