"gbif_id","species","weight_birdlife","n_features_birdlife","note_birdlife"
"2479646","Amazona oratrix",0.310857469158368,1,
"2475320","Electron carinatum",0.132171196747955,2,
"6101179","Antrostomus badius",0.12322524744507,3,
"2497008","Nyctiphrynus yucatanicus",0.102705367011186,1,
"2491042","Arremonops chloronotus",0.0935548134328062,1,
"2494934","Melanoptila glabrirostris",0.0914944230982751,1,
"2488291","Lanio aurantius",0.0882921506202804,1,
"2488519","Piranga roseogularis",0.0793270014748099,1,
"2487666","Manacus candei",0.0772937498578211,1,
"10972295","Pampa curvipennis",0.0765284796635637,1,
"10779569","Stelgidopteryx ridgwayi",0.0756992574369823,1,
"5228086","Colinus nigrogularis",0.0723796085341293,1,
"2483553","Myiarchus yucatanensis",0.0717738021629076,1,
"2489617","Granatellus sallaei",0.0694781031653941,1,
"6100801","Formicarius moniliger",0.0692992271135079,1,
"2490358","Caryothraustes poliogaster",0.0691237091805341,1,
"2487976","Euphonia gouldi",0.0663338785088534,1,
"2487436","Vireo pallens",0.0660304463824167,1,
"2488420","Ramphocelus sanguinolentus",0.0655923108618683,1,
"2477567","Crypturellus boucardi",0.0655244333761217,1,
"5228048","Odontophorus guttatus",0.0645937324000042,2,
"2479622","Amazona xantholora",0.064433431164938,1,
"2475285","Hylomanes momotula",0.0637063691463673,1,
"2495284","Patagioenas nigrirostris",0.0620284330825442,1,
"2485003","Synallaxis erythrothorax",0.0615629004628255,1,
"2482574","Cyanocorax yucatanicus",0.0613391558219667,1,
"2496075","Leptotila plumbeiceps",0.0607186850267036,5,
"2478071","Melanerpes pygmaeus",0.0583553846558762,1,
"2485973","Dendrocincla anabatina",0.0578598123640906,2,
"2483381","Ornithion semiflavum",0.0559222155556309,1,
"5230386","Cotinga amabilis",0.0552512941341997,1,
"5228940","Celeus castaneus",0.0552350865125008,1,
"2485239","Sclerurus guatemalensis",0.0525176408005821,1,
"5229012","Aulacorhynchus prasinus",0.0521595327122772,1,
"2488433","Ramphocelus passerinii",0.0521281776539878,1,
"2491356","Sporophila corvina",0.0514005177079008,1,
"5232132","Glaucidium griseiceps",0.0501557298121005,3,
"5229889","Icterus prosthemelas",0.0497859762364053,1,
"5229583","Platyrinchus cancrominus",0.0493804303076282,3,
"2496699","Trogon melanocephalus",0.0493736057491261,3,
"2493835","Microcerculus philomela",0.0489752460192888,1,
"2493898","Uropsila leucogastra",0.0488703910448751,1,
"2479906","Pionus senilis",0.0478116910692706,1,
"5230312","Pachyramphus major",0.0468290129117587,1,
"2496643","Trogon massena",0.0447598074687721,1,
"2485979","Dendrocincla homochroa",0.0444320317942854,1,
"2477009","Lophornis helenae",0.0441319804054289,1,
"2484246","Psarocolius montezuma",0.0440474686570641,1,
"2489770","Basileuterus culicivorus",0.041929413613973,1,
"8872791","Aramides albiventris",0.0407488430054099,1,
"5229684","Tyrannus couchii",0.04044601799203,2,
"11012170","Saucerottia cyanocephala",0.0402732983846562,2,
"11055764","Chlorestes candida",0.0398930782621814,2,
"2474603","Laterallus ruber",0.0392825718907986,3,
"2487485","Vireolanius pulchellus",0.0379512255353412,1,
"5230697","Habia fuscicauda",0.0378909169867954,4,
"5229708","Rhynchocyclus brevirostris",0.0378290061036585,4,
"5229773","Oncostoma cinereigulare",0.0372602833712212,3,
"2485796","Dendrocolaptes sanctithomae",0.0370180617041363,1,
"2484434","Dives dives",0.0370146136462973,2,
"5229429","Ortalis vetula",0.0363168621332885,1,
"7341132","Pheugopedius maculipectus",0.0362883760533237,1,
"10917113","Cynanthus canivetii",0.0359187262053667,2,
"6100745","Momotus lessonii",0.0344653192203079,1,
"2486501","Lipaugus unirufus",0.0343154466031792,3,
"2487949","Euphonia hirundinacea",0.0341060252464287,2,
"9485798","Thamnistes anabatinus",0.0335495714601468,1,
"2497380","Megascops guatemalae",0.033127811130959,1,
"2482168","Crax rubra",0.033088863490742,1,
"2486353","Laniocera rufescens",0.0318188926226361,3,
"2476219","Heliothryx barroti",0.0316980415209595,2,
"2476621","Phaethornis longirostris",0.031272218132997,1,
"10933955","Chlorestes eliciae",0.0309673307943782,2,
"5230896","Saltator atriceps",0.0308332563374647,2,
"2479618","Amazona albifrons",0.0306290202812363,1,
"2478771","Ramphastos sulfuratus",0.0305075449611513,1,
"2487985","Euphonia affinis",0.0302627076126989,3,
"2483673","Rhytipterna holerythra",0.0301505818235564,1,
"9126320","Saltator grandis",0.0295075500795215,1,
"5230762","Tachycineta albilinea",0.0290308739108659,6,
"2476600","Phaethornis striigularis",0.0286355082439439,3,
"5230178","Xiphorhynchus flavigaster",0.0285424269537013,1,
"9529632","Turdus assimilis",0.0284967768906308,1,
"2476722","Anthracothorax prevostii",0.0282893012360733,1,
"2483943","Zimmerius vilissimus",0.0281925625944783,1,
"2477493","Crypturellus cinnamomeus",0.0281532445999198,1,
"2496805","Nyctibius jamaicensis",0.028019404750005,3,
"2478068","Melanerpes pucherani",0.026374497717404,1,
"8986244","Sporophila morelleti",0.0259521798344819,1,
"2474238","Dactylortyx thoracicus",0.0257544581537142,1,
"2489655","Geothlypis poliocephala",0.0254980686976199,3,
"2476178","Phaeochroa cuvierii",0.0254153423652508,1,
"2490365","Cyanocompsa parellina",0.0249306955957756,1,
"5789103","Onychorhynchus mexicanus",0.0249064135743954,1,
"2478580","Campephilus guatemalensis",0.0246637793501132,1,
"2479623","Amazona autumnalis",0.0242870592020422,1,
"2480867","Tigrisoma mexicanum",0.0235909913426785,2,
"2475147","Malacoptila panamensis",0.02340581258851,1,
"5230338","Pachyramphus cinnamomeus",0.0229150109912223,2,
"2476483","Amazilia yucatanensis",0.022304893214428,2,
"5231469","Campylorhynchus zonatus",0.022242407597521,1,
"5229869","Icterus mesomelas",0.0220016587263133,3,
"2476323","Eupherusa eximia",0.0218934910584968,4,
"5227755","Meleagris ocellata",0.0216493483378017,2,
"2476441","Amazilia tzacatl",0.0215811468874945,3,
"2478838","Pteroglossus torquatus",0.0215151803606885,1,
"7465752","Sporophila funerea",0.0212454252784836,1,
"2490852","Myadestes unicolor",0.0211249437425944,1,
"2484237","Psarocolius wagleri",0.0211099451409507,2,
"9520263","Jacana spinosa",0.020972953070545,1,
"5229924","Icterus chrysater",0.0208098996881507,3,
"2482565","Cyanocorax yncas",0.0202180839263233,1,
"2474671","Aramides axillaris",0.0198898229734909,1,
"9000455","Leuconotopicus fumigatus",0.0197256597232969,4,
"2490716","Turdus grayi",0.0194796282838035,1,
"2491031","Arremonops rufivirgatus",0.0193828382551542,1,
"2484419","Amblycercus holosericeus",0.0191151721832763,3,
"2496089","Leptotila cassinii",0.0187892851910396,2,
"8766668","Sittasomus griseus",0.0183609262713166,1,
"2476528","Thalurania colombica",0.018090606845456,1,
"2482225","Penelope purpurascens",0.0171471420930463,1,
"2490821","Catharus ustulatus",0.0169982930183044,2,
"5230329","Pachyramphus aglaiae",0.0165578695736921,2,
"2482796","Empidonax albigularis",0.0160102409157774,3,
"2491628","Arremon aurantiirostris",0.0159022179291485,2,
"2480888","Egretta rufescens",0.015796258486279,5,
"2478081","Melanerpes aurifrons",0.0157163388974593,1,
"2488909","Cyanerpes lucidus",0.0155126642219783,1,
"2490070","Gymnocichla nudiceps",0.0153094513586813,1,
"2483507","Camptostoma imberbe",0.0151362831791747,2,
"2489636","Limnothlypis swainsonii",0.0151050665954124,2,
"2495310","Patagioenas leucocephala",0.0148706096814352,1,
"5231037","Tiaris olivaceus",0.0143526181796455,1,
"2476133","Campylopterus hemileucurus",0.0131897222509811,1,
"5229893","Icterus gularis",0.0126146899408314,2,
"2476417","Amazilia rutila",0.0123076969555291,4,
"2487994","Euphonia elegantissima",0.0116563800385608,1,
"2480651","Buteogallus anthracinus",0.0115526140328259,2,
"2483899","Poecilotriccus sylvia",0.0114575762898908,4,
"5229632","Elaenia martinica",0.0113586576378178,1,
"7341074","Cantorchilus modestus",0.0113109654349235,1,
"2495303","Patagioenas flavirostris",0.0105400377239821,4,
"2491321","Sporophila schistacea",0.0103004371295862,1,
"6093846","Vermivora cyanoptera",0.00977392309941697,2,
"7340161","Colaptes rubiginosus",0.00971235446151152,1,
"2474448","Amaurolimnas concolor",0.00929164077602082,1,
"2480881","Egretta tricolor",0.00881538140092924,2,
"2484404","Molothrus aeneus",0.0087611791099574,2,
"5230852","Passerina ciris",0.00849042480672143,2,
"2488493","Piranga leucoptera",0.00841117656771476,1,
"2489603","Helmitheros vermivorum",0.00837442730466747,4,
"5228612","Chaetura vauxi",0.00828862810376498,2,
"2483494","Myiodynastes luteiventris",0.00825147550616882,2,
"2496098","Leptotila jamaicensis",0.00822615987978706,1,
"6093374","Setophaga citrina",0.00806439217739187,2,
"2493958","Henicorhina leucosticta",0.00797137206265586,1,
"7751637","Rallus crepitans",0.00794130434236274,2,
"2487426","Vireo flavoviridis",0.00738590633055333,2,
"2480913","Botaurus pinnatus",0.00724742659267032,1,
"2474590","Laterallus jamaicensis",0.00717048962587933,3,
"6093586","Geothlypis formosa",0.0070652114705304,2,
"5231676","Mimus gilvus",0.00685793467304373,1,
"2496294","Coccyzus minor",0.0068008020771177,1,
"2487408","Vireo philadelphicus",0.00643832938289368,2,
"2495370","Zenaida asiatica",0.00624913169992032,3,
"2489871","Protonotaria citrea",0.00622647082868263,2,
"2487413","Vireo griseus",0.00622040706803689,3,
"2481742","Calidris mauri",0.00620914353599854,2,
"7341794","Spinus notatus",0.00616435286442216,1,
"6101173","Antrostomus carolinensis",0.00587261010084706,3,
"6092942","Setophaga pensylvanica",0.00586552885501397,2,
"5229882","Icterus cucullatus",0.00558967161038361,9,
"5229205","Eudocimus albus",0.00546351181521901,3,
"5229158","Pelecanus occidentalis",0.00541216058624413,2,
"5230172","Xiphorhynchus erythropygius",0.00540949203152784,1,
"2490240","Microrhopias quixensis",0.00533092313891182,2,
"8959883","Dryobates scalaris",0.00495670349002917,1,
"2487453","Vireo flavifrons",0.0047989738822931,2,
"2483497","Myiodynastes maculatus",0.00472900828583341,2,
"6092631","Setophaga virens",0.00469538437297434,2,
"6093209","Setophaga magnolia",0.0046725634997064,2,
"7341548","Peucaea botterii",0.00465687307744981,1,
"2488710","Chlorospingus flavopectus",0.00463551706221196,1,
"5959200","Thamnophilus atrinucha",0.00457036158750037,1,
"2489785","Basileuterus rufifrons",0.00456157764270801,1,
"5789281","Thalasseus maximus",0.00450875240878254,3,
"9476062","Quiscalus mexicanus",0.00433974892587017,1,
"2480302","Charadrius wilsonia",0.00431959608206326,3,
"7340220","Notharchus hyperrhynchus",0.00417844839876664,1,
"6093345","Setophaga americana",0.00396669200130451,2,
"5228462","Threnetes ruckeri",0.00396171031201646,2,
"6093862","Parkesia motacilla",0.00392676802456123,2,
"5229155","Pelecanus erythrorhynchos",0.00392220249469425,3,
"5228514","Archilochus colubris",0.00387951969676952,2,
"2481240","Thalasseus sandvicensis",0.00387730636495839,3,
"5230705","Habia rubica",0.00383733879764916,1,
"2488524","Eucometis penicillata",0.00382753028553591,1,
"9353154","Vireo plumbeus",0.00381055419616306,3,
"2483612","Sayornis nigricans",0.00376625773657395,3,
"2481764","Calidris pusilla",0.00376570327458737,2,
"2490494","Pheucticus ludovicianus",0.00364675645776383,2,
"7341776","Setophaga graciae",0.00362908454215007,3,
"5228485","Colibri delphinae",0.00359923408753152,1,
"7341828","Setophaga caerulescens",0.00357440590704065,2,
"5229935","Icterus spurius",0.00353470138449406,3,
"2481672","Limnodromus griseus",0.00346400953827137,2,
"2480953","Nyctanassa violacea",0.00346047220968524,4,
"5230862","Passerina caerulea",0.0034565044377489,3,
"2483597","Myiarchus crinitus",0.00344430620704238,3,
"7341789","Setophaga discolor",0.00332822206082269,3,
"2480894","Egretta caerulea",0.00330996120142147,3,
"2482791","Empidonax minimus",0.00325247882349195,2,
"2496700","Trogon collaris",0.00324687700489182,1,
"2486467","Tityra semifasciata",0.00321097497218592,1,
"2489590","Seiurus aurocapilla",0.00320413165373019,2,
"2481021","Falco deiroleucus",0.00319120483897966,1,
"2490327","Passerina cyanea",0.00313006210148305,2,
"2489989","Icteria virens",0.00311987355898845,2,
"7341800","Setophaga dominica",0.00310325566110262,3,
"2484340","Icterus galbula",0.00309414386465255,2,
"2487596","Polioptila caerulea",0.00304324266502821,3,
"2480852","Ixobrychus exilis",0.00304132878656811,14,
"2496690","Trogon violaceus",0.00303013846621002,1,
"2482947","Myiopagis viridicata",0.00296924843128329,3,
"2480189","Fregata magnificens",0.00294632956287872,2,
"2487583","Polioptila plumbea",0.00289562223976099,1,
"2493890","Cistothorus platensis",0.00288420515341402,1,
"5228236","Galbula ruficauda",0.00287740676507488,1,
"2495339","Patagioenas speciosa",0.00283772609226652,2,
"2481928","Cathartes burrovianus",0.00278095279979144,1,
"2494936","Dumetella carolinensis",0.00272924823123259,4,
"2477630","Tinamus major",0.00272238776916679,1,
"2483629","Attila spadiceus",0.00270151949526209,1,
"2488485","Piranga rubra",0.00269950316013656,5,
"2480541","Buteo albonotatus",0.00266312013414353,3,
"2480836","Agamia agami",0.00266271024043118,1,
"2483274","Todirostrum cinereum",0.00265583219080304,1,
"2480672","Spizaetus tyrannus",0.0026375417032307,2,
"2488890","Cyanerpes cyaneus",0.00261159056776261,3,
"2474711","Pardirallus maculatus",0.00258493022654743,1,
"2489613","Mniotilta varia",0.00258288427475554,2,
"2497311","Asio stygius",0.00256476799191791,1,
"2481765","Calidris canutus",0.00255620709022995,2,
"5788513","Spizaetus melanoleucus",0.00251438779876382,1,
"8839576","Xenops genibarbis",0.00250573028536068,1,
"2478605","Sphyrapicus varius",0.00249424079386597,2,
"5229247","Sterna forsteri",0.0024872604988737,14,
"2474343","Heliornis fulica",0.00248342433720446,1,
"5229541","Mionectes oleagineus",0.00244558238391804,1,
"5229191","Harpagus bidentatus",0.00243971875823522,1,
"9393917","Ramphocaenus melanurus",0.00238561559110257,1,
"2475483","Chloroceryle aenea",0.00234498666562263,4,
"7341606","Cardellina pusilla",0.00233332032162324,2,
"2481953","Jabiru mycteria",0.00231953321016616,1,
"2498393","Dendrocygna autumnalis",0.00231722774018654,2,
"6101178","Antrostomus vociferus",0.00230281861600055,2,
"2490033","Dysithamnus mentalis",0.00229719053670532,1,
"5230942","Saltator maximus",0.00229434616508481,1,
"2490384","Cardinalis cardinalis",0.0022848785543659,1,
"2480273","Haematopus palliatus",0.00227502514179563,3,
"2484022","Terenotriccus erythrurus",0.00226498921411855,2,
"2480571","Chondrohierax uncinatus",0.00223803871677723,5,
"2480803","Platalea ajaja",0.0021739540814666,2,
"6100782","Piranga hepatica",0.00215091745035173,2,
"2489985","Setophaga ruticilla",0.00214722066569918,2,
"2482913","Myiozetetes similis",0.00213683747053609,2,
"5959208","Thamnophilus doliatus",0.0021216307847629,1,
"5229606","Elaenia flavogaster",0.00211265325482734,1,
"2483589","Myiarchus tyrannulus",0.00206925975597535,7,
"2483531","Myiarchus tuberculifer",0.00206861738183034,2,
"2480679","Spizaetus ornatus",0.00206712562959539,1,
"2497052","Chordeiles acutipennis",0.00205949016221137,3,
"6093856","Parkesia noveboracensis",0.00202663466330298,2,
"7415507","Leiothlypis peregrina",0.002021417751905,2,
"2484386","Molothrus oryzivorus",0.00201479047441132,1,
"5230641","Chlorophanes spiza",0.00198544013711548,1,
"2498257","Aythya affinis",0.00197072938649228,3,
"2477507","Crypturellus soui",0.00196246504779939,1,
"2486476","Tityra inquisitor",0.00195759264047082,3,
"2482940","Legatus leucophaius",0.00192637729546619,2,
"2477137","Panyptila cayennensis",0.00191446263858699,1,
"2480415","Rostrhamus sociabilis",0.00187910025605655,2,
"2480833","Cochlearius cochlearius",0.00187101310363008,1,
"2480516","Harpia harpyja",0.00185426056213954,1,
"7341822","Setophaga palmarum",0.00184892929323749,2,
"2481748","Calidris alba",0.00183864391313667,2,
"5229197","Leptodon cayanensis",0.00181459110667863,2,
"2495347","Zenaida macroura",0.00180753502715247,3,
"2474337","Aramus guarauna",0.00179755219339009,1,
"2476195","Florisuga mellivora",0.00179376456628782,2,
"2484609","Bombycilla cedrorum",0.00179300026416068,3,
"2482882","Tolmomyias sulphurescens",0.00176502244499236,1,
"2481082","Micrastur ruficollis",0.00175296860047073,1,
"2480367","Elanus leucurus",0.00174974611422676,1,
"6093357","Setophaga tigrina",0.00174266103632237,2,
"2480720","Ictinia plumbea",0.00172226696844461,2,
"9422220","Spatula discors",0.00172092593505547,3,
"9345027","Spatula cyanoptera",0.00171468070902513,3,
"2490202","Myrmotherula schisticolor",0.00171222576281968,1,
"2480692","Busarellus nigricollis",0.00169946784709951,1,
"2485341","Glyphorynchus spirurus",0.00169514442966571,1,
"2481006","Falco femoralis",0.0016925135402793,2,
"2495922","Claravis pretiosa",0.00168650641213553,2,
"2482044","Tachybaptus dominicus",0.00167525705019019,2,
"2480657","Buteogallus urubitinga",0.00166919281527205,1,
"2481088","Micrastur semitorquatus",0.00166040894953002,2,
"2474393","Fulica americana",0.00165887252526496,3,
"7341805","Setophaga coronata",0.0016552487309972,2,
"2483410","Megarynchus pitangua",0.00165281212080121,1,
"2484254","Sturnella magna",0.00164003277145168,2,
"2481033","Falco rufigularis",0.00163609355414409,4,
"2481071","Herpetotheres cachinnans",0.00163493140196395,1,
"2496121","Geotrygon montana",0.00162717958974834,1,
"2489181","Tachycineta bicolor",0.0015958018254369,2,
"2496990","Nyctidromus albicollis",0.00159203614937471,1,
"2493744","Coereba flaveola",0.00158602530649997,1,
"2495295","Patagioenas cayennensis",0.00158086801274846,1,
"2481776","Arenaria interpres",0.00157481369366074,2,
"5959227","Ara macao",0.00156603637353041,1,
"2480621","Accipiter cooperii",0.00156223833374862,3,
"2495853","Columbina minuta",0.00154863464653926,1,
"2475482","Chloroceryle amazona",0.00153973086874166,2,
"2481923","Sarcoramphus papa",0.00153361299376851,1,
"5231932","Tapera naevia",0.00153348888355613,1,
"2480553","Buteo brachyurus",0.00152418233564006,7,
"2480599","Accipiter bicolor",0.0015234884014225,1,
"2480435","Geranospiza caerulescens",0.00152061277107155,1,
"2498264","Aythya collaris",0.00151121852353409,3,
"2474639","Porzana carolina",0.00150988702260373,3,
"2495858","Columbina talpacoti",0.00149768924331462,3,
"2489670","Geothlypis trichas",0.00149448410404124,3,
"9630752","Ardea herodias",0.00147670158300568,3,
"2481937","Mycteria americana",0.00147338984851368,3,
"2482082","Anhinga anhinga",0.00146746747281341,2,
"2489202","Stelgidopteryx serripennis",0.00146028146346605,3,
"5844398","Rupornis magnirostris",0.00145659925697622,3,
"2491741","Volatinia jacarina",0.00143687711106525,2,
"2489133","Progne chalybea",0.00140214814968731,2,
"2474589","Laterallus exilis",0.00139334605537579,1,
"9743996","Phaethon aethereus",0.00139280214229195,2,
"5232118","Glaucidium brasilianum",0.00136650534444507,1,
"2482755","Pitangus sulphuratus",0.00135861522121375,1,
"2475466","Megaceryle torquata",0.00134550805627132,2,
"2477082","Streptoprocne zonaris",0.00134184525774393,1,
"2480320","Charadrius vociferus",0.0013408289966169,3,
"2480327","Pluvialis squatarola",0.00133996998801675,2,
"5229662","Tyrannus melancholicus",0.00132771557243044,3,
"2475486","Chloroceryle americana",0.00129293222902092,1,
"2480538","Buteo platypterus",0.00126461628095734,10,
"2475472","Megaceryle alcyon",0.00123726060116846,3,
"7341834","Setophaga petechia",0.00122748368465519,3,
"2496060","Leptotila verreauxi",0.00122242077315607,1,
"2491123","Ammodramus savannarum",0.00120935596300368,3,
"2480461","Elanoides forficatus",0.00119658831076936,2,
"2480576","Morphnus guianensis",0.00112940312053532,1,
"2481817","Gallinago delicata",0.00111541319466609,3,
"2485461","Xiphocolaptes promeropirhynchus",0.00109493658378383,1,
"5229844","Icterus auratus",0.00107679160688046,1,
"9740253","Accipiter striatus",0.00106631476842036,3,
"2497873","Lophostrix cristata",0.00106479327821789,1,
"5789298","Tringa semipalmata",0.0010590220303039,3,
"2492109","Spizella passerina",0.00103122789197487,3,
"2481942","Coragyps atratus",0.0010302603874357,1,
"2491846","Sicalis luteola",0.001029509867613,2,
"2481710","Tringa solitaria",0.00101181505217139,2,
"2482077","Podilymbus podiceps",0.00100581093778806,3,
"2480873","Egretta thula",0.00100450939106466,3,
"2497878","Pulsatrix perspicillata",0.000942484344594381,1,
"2483647","Pyrocephalus rubinus",0.000919626480954165,3,
"2481721","Tringa flavipes",0.000875445585850153,2,
"2480295","Charadrius semipalmatus",0.000851870273605374,9,
"5229400","Calidris himantopus",0.000848537561606652,2,
"4848480","Larus smithsonianus",0.00083410068532345,3,
"5789285","Sternula antillarum",0.000824466245865505,3,
"2487404","Cyclarhis gujanensis",0.000808292649103846,1,
"9685907","Falco sparverius",0.00079151099023257,3,
"5231459","Troglodytes aedon",0.000784611380244594,3,
"2481930","Cathartes aura",0.000780390201500939,3,
"2498155","Mareca americana",0.000763011787465861,3,
"2490224","Taraba major",0.000733040401984883,1,
"2497035","Chordeiles minor",0.000721874640789924,2,
"5789286","Onychoprion anaethetus",0.000716730520688127,6,
"5231142","Passerculus sandwichensis",0.000671687317616829,3,
"2480542","Buteo jamaicensis",0.000664872988970882,3,
"2481798","Actitis macularius",0.00066354143841881,3,
"5231647","Spinus psaltria",0.000649894001781908,3,
"2481263","Gelochelidon nilotica",0.000625428800984483,3,
"9409198","Agelaius phoeniceus",0.000578306473825897,3,
"2495869","Columbina passerina",0.000575074740072619,1,
"9813242","Falco columbarius",0.000483740271942513,3,
"5229249","Sterna dougallii",0.000468119519943082,3,
"2488004","Euphonia minuta",0.000431950080414407,1,
"2481236","Hydroprogne caspia",0.000429413176228447,3,
"2498112","Anas acuta",0.000426606137376428,6,
"2480863","Nycticorax nycticorax",0.000415783101077984,7,
"2480824","Butorides striata",0.00040872170473104,3,
"5229361","Puffinus lherminieri",0.000398513118120128,2,
"2481720","Tringa melanoleuca",0.000362428913336237,2,
"5230811","Vermivora chrysoptera",0.000361260901352068,2,
"2497921","Tyto alba",0.000347572921068255,2,
"2480830","Bubulcus ibis",0.000344859191400618,3,
"9803471","Anous minutus",0.000338592940358537,4,
"2480726","Pandion haliaetus",0.000306864539858438,3,
"5230363","Pachyramphus polychopterus",0.000305889341659128,1,
"2481047","Falco peregrinus",0.000302097026403667,3,
"2480972","Sula sula",0.000281442528809166,2,
"2481784","Numenius phaeopus",0.000271542747874784,4,
"2480967","Sula dactylatra",0.000265415614197285,2,
"2480975","Sula leucogaster",0.000232041679363974,3,
"5959118","Bubo virginianus",0.00022039703208597,1,
"2497295","Asio flammeus",0.000216935201485681,7,
"9512459","Anous stolidus",0.000204003406912276,5,
"5789284","Onychoprion fuscatus",0.000200186997249618,3,
"2481209","Rynchops niger",0.000183784127207031,3,
"2498316","Nomonyx dominicus",0.000161586612270147,1,
"9515886","Hirundo rustica",0.000154942300300938,7,
"2481134","Larus delawarensis",0.000143955309747084,3,
"2488484","Piranga ludoviciana",0.000137461854042241,5,
"2476994","Heliomaster longirostris",0.000125033490925166,3,
"2481609","Stercorarius pomarinus",9.601854134914e-05,4,
"7760978","Setophaga auduboni",7.44488723913318e-05,4,
"2480296","Charadrius collaris",6.45637494675951e-05,3,
"2496517","Dromococcyx phasianellus",3.22513438712799e-05,1,
"2480989","Caracara plancus",2.66023035473243e-05,1,
"2490941","Sialia sialis",1.57239216149909e-05,3,
"2496209","Crotophaga ani",8.70068387025984e-06,1,
"5229126","Himantopus himantopus",4.61628398825212e-06,4,
"2497082","Lurocalis semitorquatus",4.22555283839073e-06,1,
"9629160","Loxia curvirostra",2.96146219695171e-06,3,
"9691034","Phoenicopterus ruber",2.75495557964825e-06,3,
"2496801","Nyctibius grandis",2.58207994598581e-06,3,
"9367409","Sterna hirundo",0,4,
"2479631","Amazona auropalliata",0,1,
"2498167","Anser caerulescens",0,2,
"2490826","Catharus minimus",0,2,
"2498263","Aythya americana",0,3,
"6091946","Cardellina canadensis",0,2,
"5229754","Contopus sordidulus",0,2,
"5229734","Contopus virens",0,2,
"2496287","Coccyzus americanus",0,3,
"2482786","Empidonax traillii",0,2,
"2480487","Circus cyaneus",0,3,
"2491651","Chondestes grammacus",0,3,
"2496286","Coccyzus erythropthalmus",0,2,
"2481119","Chlidonias niger",0,2,
"2482809","Empidonax alnorum",0,2,
"2482802","Empidonax virescens",0,2,
"5789148","Geothlypis philadelphia",0,2,
"5789146","Geothlypis tolmiei",0,2,
"6093202","Setophaga castanea",0,2,
"5231190","Passer domesticus",0,2,
"8169649","Leiothlypis celata",0,3,
"7531611","Leiothlypis ruficapilla",0,2,
"2498408","Lophodytes cucullatus",0,3,
"2492192","Melospiza lincolnii",0,3,
"2489611","Oporornis agilis",0,2,
"6093199","Setophaga fusca",0,2,
"6092644","Setophaga occidentalis",0,3,
"9510564","Turdus migratorius",0,3,
"2492101","Spizella pallida",0,2,
"5229678","Tyrannus dominicensis",0,3,
"5229675","Tyrannus verticalis",0,2,
"5231132","Zonotrichia leucophrys",0,3,
"2498125","Anas carolinensis",0,3,
"2487456","Vireo solitarius",0,2,
"8214667","Anas crecca",0,3,
"2488517","Piranga olivacea",0,2,
"2481205","Rissa tridactyla",0,3,
"2489129","Progne subis",0,2,
"8332393","Spatula clypeata",0,6,
"2481744","Calidris melanotos",0,2,
"5739290","Phalaropus lobatus",0,2,
"8292425","Calidris subruficollis",0,2,
"2489166","Petrochelidon fulva",0,3,
"2495696","Streptopelia decaocto",0,1,
"2487430","Vireo olivaceus",0,2,
"5230249","Automolus ochrolaemus",0,1,
"2481680","Limosa haemastica",0,2,
"2481684","Limosa fedoa",0,2,
"2481756","Calidris fuscicollis",0,2,
"2480719","Ictinia mississippiensis",0,2,
"2480773","Plegadis falcinellus",0,4,
"2481172","Larus marinus",0,6,
"2480328","Pluvialis dominica",0,2,
"2485691","Anabacerthia variegaticeps",0,1,
"2481670","Limnodromus scolopaceus",0,2,
"6092935","Setophaga striata",0,3,
"2478133","Melanerpes formicivorus",0,1,
"2481613","Stercorarius longicaudus",0,3,
"2481621","Stercorarius parasiticus",0,4,
"5229146","Vanellus chilensis",0,1,
"2480446","Haliaeetus leucocephalus",0,3,
"2477071","Streptoprocne rutila",0,1,
"7341895","Setophaga pitiayumi",0,2,
"2484391","Molothrus ater",0,3,
"2489132","Progne sinaloae",0,1,
"2485221","Sclerurus mexicanus",0,1,
"9761484","Anas platyrhynchos",0,3,
"2491937","Aimophila rufescens",0,3,
"4409023","Chaetura pelagica",0,2,
"2481794","Numenius americanus",0,2,
"2491728","Pooecetes gramineus",0,3,
"2481364","Phaethon lepturus",0,2,
"5229688","Tyrannus tyrannus",0,2,
"5229687","Tyrannus forficatus",0,2,
"2498402","Dendrocygna bicolor",0,3,
"2481705","Bartramia longicauda",0,4,
"2480556","Buteo nitidus",0,1,
"2497240","Athene cunicularia",0,3,
"2496432","Piaya cayana",0,1,
"2487463","Vireo altiloquus",0,3,
"2493801","Thryothorus ludovicianus",0,1,
"2490804","Catharus fuscescens",0,2,
"2488206","Tangara lavinia",0,1,
"2488488","Piranga bidentata",0,1,
"2484417","Dolichonyx oryzivorus",0,2,
"5231140","Zonotrichia albicollis",0,3,
"5229910","Icterus pectoralis",0,1,
"2498375","Mergus serrator",0,3,
"6093350","Setophaga cerulea",0,2,
"6092637","Setophaga chrysoparia",0,2,
"8239823","Sporophila angolensis",0,1,
"2490837","Myadestes occidentalis",0,1,
"2479606","Amazona farinosa",0,1,
"2498017","Anser albifrons",0,2,
"5229730","Contopus pertinax",0,3,
"2480869","Tigrisoma lineatum",0,1,
"5229204","Eudocimus ruber",0,1,
"2481759","Calidris alpina",0,2,
"2495414","Columba livia",0,1,
"2481770","Calidris bairdii",0,2,
"5228199","Gallinula chloropus",0,3,
"2495863","Columbina inca",0,1,
"2490363","Spiza americana",0,2,
"5229745","Contopus cinereus",0,1,
"2483306","Myiobius barbatus",0,1,
"2486447","Schiffornis turdina",0,1,
"2489169","Petrochelidon pyrrhonota",0,2,
"2480562","Buteo swainsoni",0,2,
"5229380","Puffinus puffinus",0,2,
"2489160","Riparia riparia",0,2,
"2482012","Oceanodroma leucorhoa",,0,"no matching BirdLife polygon under this name"
"2481618","Stercorarius skua",,0,"no matching BirdLife polygon under this name"
"6065818","Chroicocephalus philadelphia",,0,"no matching BirdLife polygon under this name"
"6065844","Leucophaeus atricilla",,0,"no matching BirdLife polygon under this name"
"5846430","Leucophaeus pipixcan",,0,"no matching BirdLife polygon under this name"
"9399113","Phalacrocorax brasilianus",,0,"no matching BirdLife polygon under this name"
"2481875","Phalacrocorax auritus",,0,"no matching BirdLife polygon under this name"
"5229495","Psilorhinus morio",,0,"no matching BirdLife polygon under this name"
"2487622","Pipra mentalis",,0,"no matching BirdLife polygon under this name"
"2490370","Cyanocompsa cyanoides",,0,"no matching BirdLife polygon under this name"
"10955666","Stilpnia larvata",,0,"no matching BirdLife polygon under this name"
"2488627","Thraupis abbas",,0,"no matching BirdLife polygon under this name"
"5230500","Hylophilus decurtatus",,0,"no matching BirdLife polygon under this name"
"2490136","Cercomacra tyrannina",,0,"no matching BirdLife polygon under this name"
"2479986","Pionopsitta haematotis",,0,"no matching BirdLife polygon under this name"
"5228831","Dryocopus lineatus",,0,"no matching BirdLife polygon under this name"
"2474640","Porzana flaviventer",,0,"no matching BirdLife polygon under this name"
"2488602","Thraupis episcopus",,0,"no matching BirdLife polygon under this name"
"2497440","Strix virgata",,0,"no matching BirdLife polygon under this name"
"2497774","Pseudoscops clamator",,0,"no matching BirdLife polygon under this name"
"2480403","Leucopternis albicollis",,0,"no matching BirdLife polygon under this name"
"2480519","Buteo albicaudatus",,0,"no matching BirdLife polygon under this name"
"2480374","Harpyhaliaetus solitarius",,0,"no matching BirdLife polygon under this name"
"5230507","Hylophilus ochraceiceps",,0,"no matching BirdLife polygon under this name"
"5229389","Phalaropus tricolor",,0,"no matching BirdLife polygon under this name"
"2479107","Aratinga nana",,0,"no matching BirdLife polygon under this name"
"5228136","Porphyrio martinica",,0,"no matching BirdLife polygon under this name"
